/*
SQLyog Enterprise v13.1.1 (64 bit)
MySQL - 5.7.26-log : Database - dimpleblog-vue
*********************************************************************
*/

/*!40101 SET NAMES utf8 */;

/*!40101 SET SQL_MODE=''*/;

/*!40014 SET @OLD_UNIQUE_CHECKS=@@UNIQUE_CHECKS, UNIQUE_CHECKS=0 */;
/*!40014 SET @OLD_FOREIGN_KEY_CHECKS=@@FOREIGN_KEY_CHECKS, FOREIGN_KEY_CHECKS=0 */;
/*!40101 SET @OLD_SQL_MODE=@@SQL_MODE, SQL_MODE='NO_AUTO_VALUE_ON_ZERO' */;
/*!40111 SET @OLD_SQL_NOTES=@@SQL_NOTES, SQL_NOTES=0 */;
CREATE DATABASE /*!32312 IF NOT EXISTS*/`dimpleblog-vue` /*!40100 DEFAULT CHARACTER SET utf8 */;

USE `dimpleblog-vue`;

/*Table structure for table `bg_blog` */

DROP TABLE IF EXISTS `bg_blog`;

CREATE TABLE `bg_blog` (
                           `id` bigint(20) NOT NULL AUTO_INCREMENT COMMENT 'id',
                           `category_id` bigint(20) DEFAULT NULL COMMENT '分类id',
                           `title` varchar(150) DEFAULT NULL COMMENT '文章标题',
                           `summary` varchar(256) DEFAULT NULL COMMENT '摘要',
                           `header_img` varchar(256) DEFAULT NULL COMMENT '封面图片地址',
                           `tag` varchar(256) DEFAULT NULL COMMENT '标签数组',
                           `content` text COMMENT '正文内容',
                           `status` tinyint(4) DEFAULT NULL COMMENT '文章状态,1表示已经发表,2表示草稿箱',
                           `comment` tinyint(4) DEFAULT NULL COMMENT '是否允许评论,1表示允许,0表示不允许',
                           `support` tinyint(4) DEFAULT '0' COMMENT '推荐',
                           `weight` bigint(20) DEFAULT '1' COMMENT '权重',
                           `create_by` varchar(150) DEFAULT NULL,
                           `update_by` varchar(150) DEFAULT NULL,
                           `create_time` datetime DEFAULT NULL,
                           `delete_time` datetime DEFAULT NULL,
                           `delete_by` varchar(150) DEFAULT NULL,
                           `update_time` datetime DEFAULT NULL,
                           PRIMARY KEY (`id`)
) ENGINE=InnoDB AUTO_INCREMENT=5 DEFAULT CHARSET=utf8 COMMENT='博客表';

/*Data for the table `bg_blog` */

insert  into `bg_blog`(`id`,`category_id`,`title`,`summary`,`header_img`,`tag`,`content`,`status`,`comment`,`support`,`weight`,`create_by`,`update_by`,`create_time`,`delete_time`,`delete_by`,`update_time`) values
(1,8,'22222222222222','作者是1233333333333333333','','测试博客,博客集合','1213213',1,0,0,1,NULL,NULL,NULL,'2019-11-02 12:29:50','admin','2019-11-02 01:07:06'),
(2,7,'测试文章','这是一个摘要,我们的摘要',NULL,'标签一号,标签二号,标签三号,标签四号','<p>这是文章<span style=\"color: #00ff00;\">的内容,我们</span></p>',1,1,0,1,NULL,NULL,NULL,'2019-11-02 12:32:07','admin',NULL),
(3,6,'这是一个标题','这是文章的摘要,这是一个在压力',NULL,'标签一号,标签二号,标签三号,标签四号','<p>这是文章的内容</p>\n<p>&nbsp;</p>\n<p><span style=\"color: #008000;\">还可以有HTML</span></p>',1,0,0,4,NULL,NULL,NULL,'2019-11-02 12:33:28','admin',NULL),
(4,7,'这是标题','这是摘要,这是一个摘要这shi yige 摘要','http://images.bianxiaofeng.com/75c0c7d78482671b30e81f3978bbb5f9','多福多寿','<p><span style=\"color: #00ff00;\">这是一个HTML呀&nbsp;</span></p>',1,0,1,3,'admin','admin','2019-11-02 12:36:31',NULL,NULL,'2019-11-08 10:46:11');

/*Table structure for table `bg_category` */

DROP TABLE IF EXISTS `bg_category`;

CREATE TABLE `bg_category` (
                               `id` bigint(20) NOT NULL AUTO_INCREMENT,
                               `title` varchar(128) DEFAULT NULL COMMENT '分类名称',
                               `description` varchar(256) DEFAULT NULL COMMENT '描述',
                               `support` tinyint(4) DEFAULT NULL COMMENT '是否推荐',
                               `create_by` varchar(128) DEFAULT NULL,
                               `create_time` datetime DEFAULT NULL,
                               `update_by` varchar(128) DEFAULT NULL,
                               `update_time` datetime DEFAULT NULL,
                               `delete_by` varchar(128) DEFAULT NULL,
                               `delete_time` datetime DEFAULT NULL,
                               PRIMARY KEY (`id`)
) ENGINE=InnoDB AUTO_INCREMENT=14 DEFAULT CHARSET=utf8 COMMENT='分类表';

/*Data for the table `bg_category` */

insert  into `bg_category`(`id`,`title`,`description`,`support`,`create_by`,`create_time`,`update_by`,`update_time`,`delete_by`,`delete_time`) values
(6,'测试一号','这是描述',0,'admin','2019-11-01 15:11:51',NULL,NULL,'admin','2019-11-06 14:14:52'),
(7,'测试2号','这是描述',1,'admin','2019-11-01 15:12:00',NULL,NULL,NULL,NULL),
(8,'测试三号','这是描述',1,'admin','2019-11-01 15:12:09',NULL,NULL,'admin','2019-11-06 14:14:50'),
(9,'测试4号','这是描述',1,'admin','2019-11-01 15:12:18',NULL,NULL,'admin','2019-11-04 15:08:38'),
(10,'123213','21321321',0,'admin','2019-11-06 14:15:53',NULL,NULL,'admin','2019-11-06 14:25:40'),
(11,'12321321','312321321',1,'admin','2019-11-06 14:15:57',NULL,NULL,'admin','2019-11-06 14:25:42'),
(12,'12312321','321321321',1,'admin','2019-11-06 14:16:00',NULL,NULL,'admin','2019-11-06 14:16:36'),
(13,'1111111111111','111111',0,'admin','2019-11-06 14:26:20',NULL,NULL,'admin','2019-11-06 14:26:22');

/*Table structure for table `bg_comment` */

DROP TABLE IF EXISTS `bg_comment`;

CREATE TABLE `bg_comment` (
                              `id` bigint(20) NOT NULL AUTO_INCREMENT,
                              `nick_name` varchar(128) DEFAULT NULL COMMENT '昵称',
                              `email` varchar(128) DEFAULT NULL COMMENT 'Email地址',
                              `ip` varchar(50) DEFAULT NULL COMMENT 'IP地址\n',
                              `location` varchar(128) DEFAULT NULL COMMENT '地理位置',
                              `os` varchar(128) DEFAULT NULL COMMENT '系统',
                              `browser` varchar(128) DEFAULT NULL COMMENT '浏览器',
                              `parent_id` bigint(20) DEFAULT NULL COMMENT '父评论的id',
                              `qq_num` varchar(128) DEFAULT NULL COMMENT 'QQ号码',
                              `avatar` varchar(256) DEFAULT NULL COMMENT '头像地址',
                              `page_id` bigint(20) DEFAULT NULL COMMENT '页面ID',
                              `url` varchar(128) DEFAULT NULL COMMENT '页面的URL\n',
                              `display` tinyint(4) DEFAULT NULL COMMENT '1表示显示,0表示不显示',
                              `good` bigint(20) DEFAULT '0' COMMENT '点赞\n',
                              `bad` bigint(20) DEFAULT '0' COMMENT '踩',
                              `content` varchar(2048) DEFAULT NULL COMMENT '评论内容',
                              `create_by` varchar(128) DEFAULT NULL,
                              `create_time` datetime DEFAULT NULL,
                              `update_by` varchar(128) DEFAULT NULL,
                              `update_time` datetime DEFAULT NULL,
                              `delete_by` varchar(128) DEFAULT NULL,
                              `delete_time` datetime DEFAULT NULL,
                              PRIMARY KEY (`id`)
) ENGINE=InnoDB AUTO_INCREMENT=4 DEFAULT CHARSET=utf8 COMMENT='评论表';

/*Data for the table `bg_comment` */

insert  into `bg_comment`(`id`,`nick_name`,`email`,`ip`,`location`,`os`,`browser`,`parent_id`,`qq_num`,`avatar`,`page_id`,`url`,`display`,`good`,`bad`,`content`,`create_by`,`create_time`,`update_by`,`update_time`,`delete_by`,`delete_time`) values
(1,'测试','bianxiaofeng@sohu.com','127.0.0.1','背景','windows','Chrome',NULL,'726567707','',4,NULL,1,11,11,'this is a content','admin','2019-10-30 16:37:33',NULL,NULL,NULL,NULL),
(2,'测试',NULL,NULL,'sas',NULL,NULL,NULL,NULL,NULL,4,'',NULL,0,0,'112113112',NULL,NULL,NULL,NULL,NULL,NULL),
(3,'大傻蛋啥','1111',NULL,NULL,NULL,NULL,NULL,NULL,NULL,4,NULL,NULL,0,0,NULL,NULL,NULL,NULL,NULL,NULL,NULL);

/*Table structure for table `sys_blacklist` */

DROP TABLE IF EXISTS `sys_blacklist`;

CREATE TABLE `sys_blacklist` (
                                 `id` bigint(20) NOT NULL AUTO_INCREMENT COMMENT 'id',
                                 `ip` varchar(128) DEFAULT NULL COMMENT 'ip地址',
                                 `description` varchar(256) DEFAULT NULL COMMENT '封禁描述',
                                 `intercept_count` bigint(20) DEFAULT NULL COMMENT '封禁后再访问次数',
                                 `last_access_url` varchar(256) DEFAULT NULL COMMENT '上次访问的url',
                                 `last_access_time` datetime DEFAULT NULL COMMENT '上次访问时间',
                                 `create_by` varchar(150) DEFAULT NULL,
                                 `create_time` datetime DEFAULT NULL,
                                 `update_by` varchar(150) DEFAULT NULL,
                                 `update_time` datetime DEFAULT NULL,
                                 `delete_by` varchar(150) DEFAULT NULL,
                                 `delete_time` datetime DEFAULT NULL,
                                 PRIMARY KEY (`id`)
) ENGINE=InnoDB AUTO_INCREMENT=12 DEFAULT CHARSET=utf8 COMMENT='系统黑名单';

/*Data for the table `sys_blacklist` */

insert  into `sys_blacklist`(`id`,`ip`,`description`,`intercept_count`,`last_access_url`,`last_access_time`,`create_by`,`create_time`,`update_by`,`update_time`,`delete_by`,`delete_time`) values
(1,'11321','1',NULL,NULL,NULL,'admin','2019-10-24 18:39:37',NULL,NULL,'admin','2019-10-28 17:12:02'),
(2,'45640','232',NULL,NULL,NULL,'admin','2019-10-24 18:44:05',NULL,NULL,'admin','2019-10-28 17:12:06'),
(3,'45640','232',NULL,NULL,NULL,'admin','2019-10-24 18:44:05',NULL,NULL,'admin','2019-10-28 17:12:09'),
(4,'121321','121312',NULL,NULL,NULL,'admin','2019-10-28 17:12:14',NULL,NULL,'admin','2019-10-28 17:12:16'),
(5,'11111111111','11111111111',NULL,NULL,NULL,'admin','2019-11-06 12:03:56',NULL,NULL,'admin','2019-11-06 12:09:29'),
(6,'1111111','11111111111111',NULL,NULL,NULL,'admin','2019-11-06 12:11:37',NULL,NULL,'admin','2019-11-06 12:12:23'),
(7,'1111111111','1111111111111',NULL,NULL,NULL,'admin','2019-11-06 12:13:50',NULL,NULL,'admin','2019-11-06 12:13:53'),
(8,'111111','1111111',NULL,NULL,NULL,'admin','2019-11-06 12:13:58',NULL,NULL,'admin','2019-11-06 12:14:00'),
(9,'1111111111','111111111111',NULL,NULL,NULL,'admin','2019-11-06 12:14:33',NULL,NULL,'admin','2019-11-06 12:14:37'),
(10,'127.22.32.3','1231',NULL,NULL,NULL,'admin','2019-11-08 18:59:19',NULL,NULL,'admin','2019-11-08 19:00:23'),
(11,'195.23.23.22','1513',NULL,NULL,NULL,'admin','2019-11-08 19:00:16',NULL,NULL,'admin','2019-11-08 19:00:42');

/*Table structure for table `sys_carousel` */

DROP TABLE IF EXISTS `sys_carousel`;

CREATE TABLE `sys_carousel` (
                                `id` bigint(20) NOT NULL AUTO_INCREMENT,
                                `description` varchar(512) DEFAULT NULL COMMENT '显示文本',
                                `click` bigint(20) DEFAULT NULL COMMENT '点击次数',
                                `img_url` varchar(256) DEFAULT NULL COMMENT '图片URL',
                                `display` tinyint(4) DEFAULT NULL COMMENT '是否显示',
                                `target` tinyint(4) DEFAULT NULL COMMENT '是否当前窗口打开',
                                `url` varchar(128) DEFAULT NULL COMMENT '链接地址',
                                `title` varchar(128) DEFAULT NULL COMMENT 'header',
                                `create_by` varchar(128) DEFAULT NULL,
                                `create_time` datetime DEFAULT NULL,
                                `update_by` varchar(128) DEFAULT NULL,
                                `delete_by` varchar(128) DEFAULT NULL,
                                `update_time` datetime DEFAULT NULL,
                                `delete_time` datetime DEFAULT NULL,
                                PRIMARY KEY (`id`)
) ENGINE=InnoDB DEFAULT CHARSET=utf8 COMMENT='轮播图';

/*Data for the table `sys_carousel` */

/*Table structure for table `sys_config` */

DROP TABLE IF EXISTS `sys_config`;

CREATE TABLE `sys_config` (
                              `id` int(5) NOT NULL AUTO_INCREMENT COMMENT '参数主键',
                              `config_key` varchar(100) DEFAULT '' COMMENT '参数键名',
                              `config_value` varchar(500) DEFAULT '' COMMENT '参数键值',
                              `remark` varchar(500) DEFAULT NULL COMMENT '备注',
                              `create_by` varchar(64) DEFAULT '' COMMENT '创建者',
                              `create_time` datetime DEFAULT NULL COMMENT '创建时间',
                              `update_by` varchar(64) DEFAULT '' COMMENT '更新者',
                              `update_time` datetime DEFAULT NULL COMMENT '更新时间',
                              `delete_by` varchar(64) DEFAULT '',
                              `delete_time` datetime DEFAULT NULL,
                              PRIMARY KEY (`id`)
) ENGINE=InnoDB AUTO_INCREMENT=6 DEFAULT CHARSET=utf8 COMMENT='参数配置表';

/*Data for the table `sys_config` */

insert  into `sys_config`(`id`,`config_key`,`config_value`,`remark`,`create_by`,`create_time`,`update_by`,`update_time`,`delete_by`,`delete_time`) values
(1,'sys.index.skinName','skin-blue','蓝色 skin-blue、绿色 skin-green、紫色 skin-purple、红色 skin-red、黄色 skin-yellow','admin','2018-03-16 11:33:00','ry','2018-03-16 11:33:00','',NULL),
(2,'sys.user.initPassword','123456','初始化密码 123456','admin','2018-03-16 11:33:00','ry','2018-03-16 11:33:00','',NULL),
(3,'sys.index.sideTheme','theme-dark','深色主题theme-dark，浅色主题theme-light','admin','2018-03-16 11:33:00','ry','2018-03-16 11:33:00','admin','2019-11-06 14:39:11'),
(4,'12121','12121',NULL,'admin','2019-10-23 14:41:55','',NULL,'admin','2019-10-23 14:43:06'),
(5,'qiNiuConfig','{\"accessKey\":\"adminBRR72W1AwFtqbAKVkpNIQl0vNzwqwqwq2UIhNsWT6MjpMG\",\"bucket\":\"dimpleblog\",\"host\":\" q0jwwt1l6.bkt.clouddn.com\",\"secretKey\":\"qtiuY6dS7bKEMBTqwqwq_nhBnJYC_Bytos07TQ_dDXjM4\",\"type\":\"公开\",\"zone\":\"华南\"}',NULL,'','2019-11-07 16:12:00','',NULL,'',NULL);

/*Table structure for table `sys_dict_data` */

DROP TABLE IF EXISTS `sys_dict_data`;

CREATE TABLE `sys_dict_data` (
                                 `dict_code` bigint(20) NOT NULL AUTO_INCREMENT COMMENT '字典编码',
                                 `dict_sort` int(4) DEFAULT '0' COMMENT '字典排序',
                                 `dict_label` varchar(100) DEFAULT '' COMMENT '字典标签',
                                 `dict_value` varchar(100) DEFAULT '' COMMENT '字典键值',
                                 `dict_type` varchar(100) DEFAULT '' COMMENT '字典类型',
                                 `css_class` varchar(100) DEFAULT NULL COMMENT '样式属性（其他样式扩展）',
                                 `list_class` varchar(100) DEFAULT NULL COMMENT '表格回显样式',
                                 `is_default` char(1) DEFAULT 'N' COMMENT '是否默认（Y是 N否）',
                                 `status` char(1) DEFAULT '0' COMMENT '状态（0正常 1停用）',
                                 `create_by` varchar(64) DEFAULT '' COMMENT '创建者',
                                 `create_time` datetime DEFAULT NULL COMMENT '创建时间',
                                 `update_by` varchar(64) DEFAULT '' COMMENT '更新者',
                                 `update_time` datetime DEFAULT NULL COMMENT '更新时间',
                                 `delete_by` varchar(64) DEFAULT '' COMMENT '刪除者',
                                 `delete_time` datetime DEFAULT NULL COMMENT '删除时间',
                                 `remark` varchar(500) DEFAULT NULL COMMENT '备注',
                                 PRIMARY KEY (`dict_code`)
) ENGINE=InnoDB AUTO_INCREMENT=35 DEFAULT CHARSET=utf8 COMMENT='字典数据表';

/*Data for the table `sys_dict_data` */

insert  into `sys_dict_data`(`dict_code`,`dict_sort`,`dict_label`,`dict_value`,`dict_type`,`css_class`,`list_class`,`is_default`,`status`,`create_by`,`create_time`,`update_by`,`update_time`,`delete_by`,`delete_time`,`remark`) values
(1,1,'男','0','sys_user_sex','','','Y','0','admin','2018-03-16 11:33:00','ry','2018-03-16 11:33:00','',NULL,'性别男'),
(2,2,'女','1','sys_user_sex','','','N','0','admin','2018-03-16 11:33:00','ry','2018-03-16 11:33:00','',NULL,'性别女'),
(3,3,'未知','2','sys_user_sex','','','N','0','admin','2018-03-16 11:33:00','ry','2018-03-16 11:33:00','',NULL,'性别未知'),
(4,1,'显示','0','sys_show_hide','','primary','Y','0','admin','2018-03-16 11:33:00','ry','2018-03-16 11:33:00','',NULL,'显示菜单'),
(5,2,'隐藏','1','sys_show_hide','','danger','N','0','admin','2018-03-16 11:33:00','ry','2018-03-16 11:33:00','',NULL,'隐藏菜单'),
(6,1,'正常','0','sys_normal_disable','','primary','Y','0','admin','2018-03-16 11:33:00','ry','2018-03-16 11:33:00','',NULL,'正常状态'),
(7,2,'停用','1','sys_normal_disable','','danger','N','0','admin','2018-03-16 11:33:00','ry','2018-03-16 11:33:00','',NULL,'停用状态'),
(8,1,'正常','0','sys_job_status','','primary','Y','0','admin','2018-03-16 11:33:00','ry','2018-03-16 11:33:00','',NULL,'正常状态'),
(9,2,'暂停','1','sys_job_status','','danger','N','0','admin','2018-03-16 11:33:00','ry','2018-03-16 11:33:00','',NULL,'停用状态'),
(10,1,'默认','DEFAULT','sys_job_group','','','Y','0','admin','2018-03-16 11:33:00','ry','2018-03-16 11:33:00','',NULL,'默认分组'),
(11,2,'系统','SYSTEM','sys_job_group','','','N','0','admin','2018-03-16 11:33:00','ry','2018-03-16 11:33:00','',NULL,'系统分组'),
(12,1,'是','Y','sys_yes_no','','primary','Y','0','admin','2018-03-16 11:33:00','ry','2018-03-16 11:33:00','',NULL,'系统默认是'),
(13,2,'否','N','sys_yes_no','','danger','N','0','admin','2018-03-16 11:33:00','ry','2018-03-16 11:33:00','',NULL,'系统默认否'),
(14,1,'通知','1','sys_notice_type','','warning','Y','0','admin','2018-03-16 11:33:00','ry','2018-03-16 11:33:00','',NULL,'通知'),
(15,2,'公告','2','sys_notice_type','','success','N','0','admin','2018-03-16 11:33:00','ry','2018-03-16 11:33:00','',NULL,'公告'),
(16,1,'正常','0','sys_notice_status','','primary','Y','0','admin','2018-03-16 11:33:00','ry','2018-03-16 11:33:00','',NULL,'正常状态'),
(17,2,'关闭','1','sys_notice_status','','danger','N','0','admin','2018-03-16 11:33:00','ry','2018-03-16 11:33:00','',NULL,'关闭状态'),
(18,1,'新增','1','sys_oper_type','','info','N','0','admin','2018-03-16 11:33:00','ry','2018-03-16 11:33:00','',NULL,'新增操作'),
(19,2,'修改','2','sys_oper_type','','info','N','0','admin','2018-03-16 11:33:00','ry','2018-03-16 11:33:00','',NULL,'修改操作'),
(20,3,'删除','3','sys_oper_type','','danger','N','0','admin','2018-03-16 11:33:00','ry','2018-03-16 11:33:00','',NULL,'删除操作'),
(21,4,'授权','4','sys_oper_type','','primary','N','0','admin','2018-03-16 11:33:00','ry','2018-03-16 11:33:00','',NULL,'授权操作'),
(22,5,'导出','5','sys_oper_type','','warning','N','0','admin','2018-03-16 11:33:00','ry','2018-03-16 11:33:00','',NULL,'导出操作'),
(23,6,'导入','6','sys_oper_type','','warning','N','0','admin','2018-03-16 11:33:00','ry','2018-03-16 11:33:00','',NULL,'导入操作'),
(24,7,'强退','7','sys_oper_type','','danger','N','0','admin','2018-03-16 11:33:00','ry','2018-03-16 11:33:00','',NULL,'强退操作'),
(25,8,'生成代码','8','sys_oper_type','','warning','N','0','admin','2018-03-16 11:33:00','ry','2018-03-16 11:33:00','',NULL,'生成操作'),
(26,9,'清空数据','9','sys_oper_type','','danger','N','0','admin','2018-03-16 11:33:00','ry','2018-03-16 11:33:00','',NULL,'清空操作'),
(27,1,'成功','0','sys_common_status','','primary','N','0','admin','2018-03-16 11:33:00','ry','2018-03-16 11:33:00','',NULL,'正常状态'),
(28,2,'失败','1','sys_common_status','','danger','N','0','admin','2018-03-16 11:33:00','ry','2018-03-16 11:33:00','',NULL,'停用状态'),
(29,1,'草稿','false','bg_blog_status',NULL,NULL,'N','0','admin','2019-10-31 14:33:38','admin','2019-10-31 14:35:03','',NULL,'草稿箱'),
(30,2,'发布','true','bg_blog_status',NULL,NULL,'N','0','admin','2019-10-31 14:34:45','admin','2019-10-31 14:34:53','',NULL,'已发布'),
(31,1,'是','true','bg_blog_support',NULL,NULL,'N','0','admin','2019-10-31 14:46:49','',NULL,'',NULL,'推荐'),
(32,2,'否','false','bg_blog_support',NULL,NULL,'N','0','admin','2019-10-31 14:47:22','',NULL,'',NULL,'不推荐'),
(33,1,'开启','true','bg_blog_comment',NULL,NULL,'N','0','admin','2019-10-31 18:38:35','',NULL,'',NULL,'开启'),
(34,2,'关闭','false','bg_blog_comment',NULL,NULL,'N','0','admin','2019-10-31 18:38:53','',NULL,'',NULL,'关闭');

/*Table structure for table `sys_dict_type` */

DROP TABLE IF EXISTS `sys_dict_type`;

CREATE TABLE `sys_dict_type` (
                                 `id` bigint(20) NOT NULL AUTO_INCREMENT COMMENT '字典主键',
                                 `dict_name` varchar(100) DEFAULT '' COMMENT '字典名称',
                                 `dict_type` varchar(100) DEFAULT '' COMMENT '字典类型',
                                 `status` char(1) DEFAULT '0' COMMENT '状态（0正常 1停用）',
                                 `create_by` varchar(64) DEFAULT '' COMMENT '创建者',
                                 `create_time` datetime DEFAULT NULL COMMENT '创建时间',
                                 `update_by` varchar(64) DEFAULT '' COMMENT '更新者',
                                 `update_time` datetime DEFAULT NULL COMMENT '更新时间',
                                 `delete_by` varchar(64) DEFAULT '' COMMENT '刪除者',
                                 `delete_time` datetime DEFAULT NULL COMMENT '删除时间',
                                 `remark` varchar(500) DEFAULT NULL COMMENT '备注',
                                 PRIMARY KEY (`id`),
                                 UNIQUE KEY `dict_type` (`dict_type`)
) ENGINE=InnoDB AUTO_INCREMENT=14 DEFAULT CHARSET=utf8 COMMENT='字典类型表';

/*Data for the table `sys_dict_type` */

insert  into `sys_dict_type`(`id`,`dict_name`,`dict_type`,`status`,`create_by`,`create_time`,`update_by`,`update_time`,`delete_by`,`delete_time`,`remark`) values
(1,'用户性别','sys_user_sex','0','admin','2018-03-16 11:33:00','ry','2018-03-16 11:33:00','',NULL,'用户性别列表'),
(2,'菜单状态','sys_show_hide','0','admin','2018-03-16 11:33:00','ry','2018-03-16 11:33:00','',NULL,'菜单状态列表'),
(3,'系统开关','sys_normal_disable','0','admin','2018-03-16 11:33:00','ry','2018-03-16 11:33:00','',NULL,'系统开关列表'),
(4,'任务状态','sys_job_status','0','admin','2018-03-16 11:33:00','ry','2018-03-16 11:33:00','',NULL,'任务状态列表'),
(5,'任务分组','sys_job_group','0','admin','2018-03-16 11:33:00','ry','2018-03-16 11:33:00','',NULL,'任务分组列表'),
(6,'系统是否','sys_yes_no','0','admin','2018-03-16 11:33:00','ry','2018-03-16 11:33:00','',NULL,'系统是否列表'),
(7,'通知类型','sys_notice_type','0','admin','2018-03-16 11:33:00','ry','2018-03-16 11:33:00','',NULL,'通知类型列表'),
(8,'通知状态','sys_notice_status','0','admin','2018-03-16 11:33:00','ry','2018-03-16 11:33:00','',NULL,'通知状态列表'),
(9,'操作类型','sys_oper_type','0','admin','2018-03-16 11:33:00','ry','2018-03-16 11:33:00','',NULL,'操作类型列表'),
(10,'系统状态','sys_common_status','0','admin','2018-03-16 11:33:00','ry','2018-03-16 11:33:00','',NULL,'登录状态列表'),
(11,'博客状态','bg_blog_status','0','admin','2019-10-31 14:15:39','',NULL,'',NULL,'博客状态列表'),
(12,'博客推荐','bg_blog_support','0','admin','2019-10-31 14:46:33','',NULL,'',NULL,'博客推荐列表'),
(13,'博客评论','bg_blog_comment','0','admin','2019-10-31 18:38:12','',NULL,'',NULL,'博客评论列表');

/*Table structure for table `sys_job` */

DROP TABLE IF EXISTS `sys_job`;

CREATE TABLE `sys_job` (
                           `job_id` bigint(20) NOT NULL AUTO_INCREMENT COMMENT '任务ID',
                           `job_name` varchar(64) NOT NULL DEFAULT '' COMMENT '任务名称',
                           `job_group` varchar(64) NOT NULL DEFAULT 'DEFAULT' COMMENT '任务组名',
                           `invoke_target` varchar(500) NOT NULL COMMENT '调用目标字符串',
                           `cron_expression` varchar(255) DEFAULT '' COMMENT 'cron执行表达式',
                           `misfire_policy` varchar(20) DEFAULT '3' COMMENT '计划执行错误策略（1立即执行 2执行一次 3放弃执行）',
                           `concurrent` char(1) DEFAULT '1' COMMENT '是否并发执行（0允许 1禁止）',
                           `status` char(1) DEFAULT '0' COMMENT '状态（0正常 1暂停）',
                           `create_by` varchar(64) DEFAULT '' COMMENT '创建者',
                           `create_time` datetime DEFAULT NULL COMMENT '创建时间',
                           `update_by` varchar(64) DEFAULT '' COMMENT '更新者',
                           `update_time` datetime DEFAULT NULL COMMENT '更新时间',
                           `delete_by` varchar(64) DEFAULT '' COMMENT '刪除者',
                           `delete_time` datetime DEFAULT NULL COMMENT '删除时间',
                           `remark` varchar(500) DEFAULT '' COMMENT '备注信息',
                           PRIMARY KEY (`job_id`,`job_name`,`job_group`)
) ENGINE=InnoDB AUTO_INCREMENT=4 DEFAULT CHARSET=utf8 COMMENT='定时任务调度表';

/*Data for the table `sys_job` */

insert  into `sys_job`(`job_id`,`job_name`,`job_group`,`invoke_target`,`cron_expression`,`misfire_policy`,`concurrent`,`status`,`create_by`,`create_time`,`update_by`,`update_time`,`delete_by`,`delete_time`,`remark`) values
(1,'系统默认（无参）','DEFAULT','ryTask.ryNoParams','0/10 * * * * ?','3','1','1','admin','2018-03-16 11:33:00','ry','2018-03-16 11:33:00','',NULL,''),
(2,'系统默认（有参）','DEFAULT','ryTask.ryParams(\'ry\')','0/15 * * * * ?','3','1','1','admin','2018-03-16 11:33:00','ry','2018-03-16 11:33:00','',NULL,''),
(3,'系统默认（多参）','DEFAULT','ryTask.ryMultipleParams(\'ry\', true, 2000L, 316.50D, 100)','0/20 * * * * ?','3','1','1','admin','2018-03-16 11:33:00','ry','2018-03-16 11:33:00','',NULL,'');

/*Table structure for table `sys_job_log` */

DROP TABLE IF EXISTS `sys_job_log`;

CREATE TABLE `sys_job_log` (
                               `job_log_id` bigint(20) NOT NULL AUTO_INCREMENT COMMENT '任务日志ID',
                               `job_name` varchar(64) NOT NULL COMMENT '任务名称',
                               `job_group` varchar(64) NOT NULL COMMENT '任务组名',
                               `invoke_target` varchar(500) NOT NULL COMMENT '调用目标字符串',
                               `job_message` varchar(500) DEFAULT NULL COMMENT '日志信息',
                               `status` char(1) DEFAULT '0' COMMENT '执行状态（0正常 1失败）',
                               `exception_info` varchar(2000) DEFAULT '' COMMENT '异常信息',
                               `create_time` datetime DEFAULT NULL COMMENT '创建时间',
                               PRIMARY KEY (`job_log_id`)
) ENGINE=InnoDB DEFAULT CHARSET=utf8 COMMENT='定时任务调度日志表';

/*Data for the table `sys_job_log` */

/*Table structure for table `sys_link` */

DROP TABLE IF EXISTS `sys_link`;

CREATE TABLE `sys_link` (
                            `id` bigint(20) NOT NULL AUTO_INCREMENT COMMENT 'id',
                            `title` varchar(128) DEFAULT NULL COMMENT '友链名称',
                            `url` varchar(128) DEFAULT NULL COMMENT '友链地址',
                            `description` varchar(512) DEFAULT NULL COMMENT '友链描述',
                            `header_img` varchar(128) DEFAULT NULL COMMENT '网站图片',
                            `status` tinyint(4) DEFAULT '0' COMMENT '1表示审核通过,0表示未审核',
                            `display` tinyint(4) DEFAULT '0' COMMENT '是否显示友链',
                            `email` varchar(128) DEFAULT NULL COMMENT '站长邮箱地址',
                            `weight` bigint(20) DEFAULT '0' COMMENT '权重',
                            `create_by` varchar(128) DEFAULT NULL,
                            `create_time` datetime DEFAULT NULL,
                            `update_by` varchar(128) DEFAULT NULL,
                            `update_time` datetime DEFAULT NULL,
                            `delete_by` varchar(128) DEFAULT NULL,
                            `delete_time` datetime DEFAULT NULL,
                            PRIMARY KEY (`id`)
) ENGINE=InnoDB AUTO_INCREMENT=2 DEFAULT CHARSET=utf8 COMMENT='友链表';

/*Data for the table `sys_link` */

insert  into `sys_link`(`id`,`title`,`url`,`description`,`header_img`,`status`,`display`,`email`,`weight`,`create_by`,`create_time`,`update_by`,`update_time`,`delete_by`,`delete_time`) values
(1,'1232222222222222','222','ewew','1',0,1,'21@email.com',122,'admin','2019-10-29 12:21:10','admin','2019-10-30 15:59:28','admin','2019-10-30 16:04:41');

/*Table structure for table `sys_login_log` */

DROP TABLE IF EXISTS `sys_login_log`;

CREATE TABLE `sys_login_log` (
                                 `id` bigint(20) NOT NULL AUTO_INCREMENT COMMENT '访问ID',
                                 `user_name` varchar(50) DEFAULT '' COMMENT '用户账号',
                                 `ip` varchar(50) DEFAULT '' COMMENT '登录IP地址',
                                 `location` varchar(255) DEFAULT '' COMMENT '登录地点',
                                 `browser` varchar(50) DEFAULT '' COMMENT '浏览器类型',
                                 `os` varchar(50) DEFAULT '' COMMENT '操作系统',
                                 `status` char(1) DEFAULT '0' COMMENT '登录状态（0成功 1失败）',
                                 `msg` varchar(255) DEFAULT '' COMMENT '提示消息',
                                 `login_time` datetime DEFAULT NULL COMMENT '访问时间',
                                 PRIMARY KEY (`id`)
) ENGINE=InnoDB AUTO_INCREMENT=13 DEFAULT CHARSET=utf8 COMMENT='系统访问记录';

/*Data for the table `sys_login_log` */

insert  into `sys_login_log`(`id`,`user_name`,`ip`,`location`,`browser`,`os`,`status`,`msg`,`login_time`) values
(1,'admin','10.17.80.181','内网IP','Chrome 8','Windows 10','0','登录成功','2019-11-08 09:28:41'),
(2,'admin','10.17.80.181','内网IP','Chrome 8','Windows 10','0','登录成功','2019-11-08 10:36:39'),
(3,'admin','10.17.80.181','内网IP','Chrome 8','Windows 10','1','验证码已失效','2019-11-08 13:46:03'),
(4,'admin','10.17.80.181','内网IP','Chrome 8','Windows 10','0','登录成功','2019-11-08 13:46:09'),
(5,'admin','10.17.80.181','内网IP','Chrome 8','Windows 10','0','退出成功','2019-11-08 13:50:18'),
(6,'admin','10.17.80.181','内网IP','Chrome 8','Windows 10','0','登录成功','2019-11-08 13:50:24'),
(7,'admin','10.17.80.181','内网IP','Chrome 8','Windows 10','0','登录成功','2019-11-08 14:44:19'),
(8,'admin','10.17.80.181','内网IP','Chrome 8','Windows 10','0','退出成功','2019-11-08 15:56:00'),
(9,'admin','10.17.80.181','内网IP','Chrome 8','Windows 10','0','登录成功','2019-11-08 15:56:18'),
(10,'admin','10.17.80.181','内网IP','Chrome 8','Windows 10','0','退出成功','2019-11-08 16:05:56'),
(11,'admin','10.17.80.181','内网IP','Chrome 8','Windows 10','0','登录成功','2019-11-08 16:06:19'),
(12,'admin','10.17.80.181','内网IP','Chrome 8','Windows 10','0','登录成功','2019-11-08 18:42:49');

/*Table structure for table `sys_menu` */

DROP TABLE IF EXISTS `sys_menu`;

CREATE TABLE `sys_menu` (
                            `id` bigint(20) NOT NULL AUTO_INCREMENT COMMENT '菜单ID',
                            `menu_name` varchar(50) NOT NULL COMMENT '菜单名称',
                            `parent_id` bigint(20) DEFAULT '0' COMMENT '父菜单ID',
                            `order_num` int(4) DEFAULT '0' COMMENT '显示顺序',
                            `path` varchar(200) DEFAULT '' COMMENT '路由地址',
                            `component` varchar(255) DEFAULT NULL COMMENT '组件路径',
                            `is_frame` int(1) DEFAULT '1' COMMENT '是否为外链（0是 1否）',
                            `menu_type` char(1) DEFAULT '' COMMENT '菜单类型（0目录 1菜单 2按钮）',
                            `visible` char(1) DEFAULT '0' COMMENT '菜单状态（0显示 1隐藏）',
                            `perms` varchar(100) DEFAULT NULL COMMENT '权限标识',
                            `icon` varchar(100) DEFAULT '#' COMMENT '菜单图标',
                            `create_by` varchar(64) DEFAULT '' COMMENT '创建者',
                            `create_time` datetime DEFAULT NULL COMMENT '创建时间',
                            `update_by` varchar(64) DEFAULT '' COMMENT '更新者',
                            `update_time` datetime DEFAULT NULL COMMENT '更新时间',
                            `delete_by` varchar(64) DEFAULT '' COMMENT '刪除者',
                            `delete_time` datetime DEFAULT NULL COMMENT '删除时间',
                            `remark` varchar(500) DEFAULT '' COMMENT '备注',
                            PRIMARY KEY (`id`)
) ENGINE=InnoDB AUTO_INCREMENT=1100 DEFAULT CHARSET=utf8 COMMENT='菜单权限表';

/*Data for the table `sys_menu` */

insert  into `sys_menu`(`id`,`menu_name`,`parent_id`,`order_num`,`path`,`component`,`is_frame`,`menu_type`,`visible`,`perms`,`icon`,`create_by`,`create_time`,`update_by`,`update_time`,`delete_by`,`delete_time`,`remark`) values
(1,'系统管理',0,5,'system',NULL,1,'M','0','','system','admin','2018-03-16 11:33:00','admin','2019-10-24 10:33:09','',NULL,'系统管理目录'),
(2,'系统监控',0,4,'monitor',NULL,1,'M','0','','monitor','admin','2018-03-16 11:33:00','admin','2019-10-24 10:33:16','',NULL,'系统监控目录'),
(100,'用户管理',1,1,'user','system/user/index',1,'C','0','system:user:list','user','admin','2018-03-16 11:33:00','ry','2018-03-16 11:33:00','',NULL,'用户管理菜单'),
(101,'角色管理',1,2,'role','system/role/index',1,'C','0','system:role:list','peoples','admin','2018-03-16 11:33:00','ry','2018-03-16 11:33:00','',NULL,'角色管理菜单'),
(102,'菜单管理',1,3,'menu','system/menu/index',1,'C','0','system:menu:list','tree-table','admin','2018-03-16 11:33:00','ry','2018-03-16 11:33:00','',NULL,'菜单管理菜单'),
(105,'字典管理',1,6,'dict','system/dict/index',1,'C','0','system:dict:list','dict','admin','2018-03-16 11:33:00','ry','2018-03-16 11:33:00','',NULL,'字典管理菜单'),
(106,'参数设置',1,7,'config','system/config/index',1,'C','0','system:config:list','edit','admin','2018-03-16 11:33:00','ry','2018-03-16 11:33:00','',NULL,'参数设置菜单'),
(107,'通知公告',1,8,'notice','system/notice/index',1,'C','0','system:notice:list','message','admin','2018-03-16 11:33:00','ry','2018-03-16 11:33:00','',NULL,'通知公告菜单'),
(108,'日志管理',0,1,'log','',1,'M','0','','log','admin','2018-03-16 11:33:00','ry','2018-03-16 11:33:00','',NULL,'日志管理菜单'),
(109,'在线用户',2,1,'online','monitor/online/index',1,'C','0','monitor:online:list','online','admin','2018-03-16 11:33:00','ry','2018-03-16 11:33:00','',NULL,'在线用户菜单'),
(110,'定时任务',1095,2,'tool/quartz','tool/quartz/index',1,'C','0','monitor:job:list','job','admin','2018-03-16 11:33:00','admin','2019-11-07 21:43:20','',NULL,'定时任务菜单'),
(111,'数据监控',2,3,'druid','monitor/druid/index',1,'C','0','monitor:druid:list','druid','admin','2018-03-16 11:33:00','ry','2018-03-16 11:33:00','',NULL,'数据监控菜单'),
(112,'服务监控',2,4,'server','monitor/server/index',1,'C','0','monitor:server:list','server','admin','2018-03-16 11:33:00','ry','2018-03-16 11:33:00','',NULL,'服务监控菜单'),
(115,'系统接口',2,3,'swagger','monitor/swagger/index',1,'C','0','tool:swagger:list','swagger','admin','2018-03-16 11:33:00','admin','2019-10-24 10:21:02','',NULL,'系统接口菜单'),
(500,'操作日志',108,1,'operateLog','log/operateLog/index',1,'C','0','monitor:operlog:list','form','admin','2018-03-16 11:33:00','ry','2018-03-16 11:33:00','',NULL,'操作日志菜单'),
(501,'登录日志',108,2,'loginLog','log/loginLog/index',1,'C','0','monitor:logininfor:list','logininfor','admin','2018-03-16 11:33:00','ry','2018-03-16 11:33:00','',NULL,'登录日志菜单'),
(1001,'用户查询',100,1,'','',1,'F','0','system:user:query','#','admin','2018-03-16 11:33:00','ry','2018-03-16 11:33:00','',NULL,''),
(1002,'用户新增',100,2,'','',1,'F','0','system:user:add','#','admin','2018-03-16 11:33:00','ry','2018-03-16 11:33:00','',NULL,''),
(1003,'用户修改',100,3,'','',1,'F','0','system:user:edit','#','admin','2018-03-16 11:33:00','ry','2018-03-16 11:33:00','',NULL,''),
(1004,'用户删除',100,4,'','',1,'F','0','system:user:remove','#','admin','2018-03-16 11:33:00','ry','2018-03-16 11:33:00','',NULL,''),
(1005,'用户导出',100,5,'','',1,'F','0','system:user:export','#','admin','2018-03-16 11:33:00','ry','2018-03-16 11:33:00','',NULL,''),
(1006,'用户导入',100,6,'','',1,'F','0','system:user:import','#','admin','2018-03-16 11:33:00','ry','2018-03-16 11:33:00','',NULL,''),
(1007,'重置密码',100,7,'','',1,'F','0','system:user:resetPwd','#','admin','2018-03-16 11:33:00','ry','2018-03-16 11:33:00','',NULL,''),
(1008,'角色查询',101,1,'','',1,'F','0','system:role:query','#','admin','2018-03-16 11:33:00','ry','2018-03-16 11:33:00','',NULL,''),
(1009,'角色新增',101,2,'','',1,'F','0','system:role:add','#','admin','2018-03-16 11:33:00','ry','2018-03-16 11:33:00','',NULL,''),
(1010,'角色修改',101,3,'','',1,'F','0','system:role:edit','#','admin','2018-03-16 11:33:00','ry','2018-03-16 11:33:00','',NULL,''),
(1011,'角色删除',101,4,'','',1,'F','0','system:role:remove','#','admin','2018-03-16 11:33:00','ry','2018-03-16 11:33:00','',NULL,''),
(1012,'角色导出',101,5,'','',1,'F','0','system:role:export','#','admin','2018-03-16 11:33:00','ry','2018-03-16 11:33:00','',NULL,''),
(1013,'菜单查询',102,1,'','',1,'F','0','system:menu:query','#','admin','2018-03-16 11:33:00','ry','2018-03-16 11:33:00','',NULL,''),
(1014,'菜单新增',102,2,'','',1,'F','0','system:menu:add','#','admin','2018-03-16 11:33:00','ry','2018-03-16 11:33:00','',NULL,''),
(1015,'菜单修改',102,3,'','',1,'F','0','system:menu:edit','#','admin','2018-03-16 11:33:00','ry','2018-03-16 11:33:00','',NULL,''),
(1016,'菜单删除',102,4,'','',1,'F','0','system:menu:remove','#','admin','2018-03-16 11:33:00','ry','2018-03-16 11:33:00','',NULL,''),
(1026,'字典查询',105,1,'#','',1,'F','0','system:dict:query','#','admin','2018-03-16 11:33:00','ry','2018-03-16 11:33:00','',NULL,''),
(1027,'字典新增',105,2,'#','',1,'F','0','system:dict:add','#','admin','2018-03-16 11:33:00','ry','2018-03-16 11:33:00','',NULL,''),
(1028,'字典修改',105,3,'#','',1,'F','0','system:dict:edit','#','admin','2018-03-16 11:33:00','ry','2018-03-16 11:33:00','',NULL,''),
(1029,'字典删除',105,4,'#','',1,'F','0','system:dict:remove','#','admin','2018-03-16 11:33:00','ry','2018-03-16 11:33:00','',NULL,''),
(1030,'字典导出',105,5,'#','',1,'F','0','system:dict:export','#','admin','2018-03-16 11:33:00','ry','2018-03-16 11:33:00','',NULL,''),
(1031,'参数查询',106,1,'#','',1,'F','0','system:config:query','#','admin','2018-03-16 11:33:00','ry','2018-03-16 11:33:00','',NULL,''),
(1032,'参数新增',106,2,'#','',1,'F','0','system:config:add','#','admin','2018-03-16 11:33:00','ry','2018-03-16 11:33:00','',NULL,''),
(1033,'参数修改',106,3,'#','',1,'F','0','system:config:edit','#','admin','2018-03-16 11:33:00','ry','2018-03-16 11:33:00','',NULL,''),
(1034,'参数删除',106,4,'#','',1,'F','0','system:config:remove','#','admin','2018-03-16 11:33:00','ry','2018-03-16 11:33:00','',NULL,''),
(1035,'参数导出',106,5,'#','',1,'F','0','system:config:export','#','admin','2018-03-16 11:33:00','ry','2018-03-16 11:33:00','',NULL,''),
(1036,'公告查询',107,1,'#','',1,'F','0','system:notice:query','#','admin','2018-03-16 11:33:00','ry','2018-03-16 11:33:00','',NULL,''),
(1037,'公告新增',107,2,'#','',1,'F','0','system:notice:add','#','admin','2018-03-16 11:33:00','ry','2018-03-16 11:33:00','',NULL,''),
(1038,'公告修改',107,3,'#','',1,'F','0','system:notice:edit','#','admin','2018-03-16 11:33:00','ry','2018-03-16 11:33:00','',NULL,''),
(1039,'公告删除',107,4,'#','',1,'F','0','system:notice:remove','#','admin','2018-03-16 11:33:00','ry','2018-03-16 11:33:00','',NULL,''),
(1040,'操作查询',500,1,'#','',1,'F','0','monitor:operlog:query','#','admin','2018-03-16 11:33:00','ry','2018-03-16 11:33:00','',NULL,''),
(1041,'操作删除',500,2,'#','',1,'F','0','monitor:operlog:remove','#','admin','2018-03-16 11:33:00','ry','2018-03-16 11:33:00','',NULL,''),
(1042,'日志导出',500,4,'#','',1,'F','0','monitor:operlog:export','#','admin','2018-03-16 11:33:00','ry','2018-03-16 11:33:00','',NULL,''),
(1043,'登录查询',501,1,'#','',1,'F','0','monitor:logininfor:query','#','admin','2018-03-16 11:33:00','ry','2018-03-16 11:33:00','',NULL,''),
(1044,'登录删除',501,2,'#','',1,'F','0','monitor:logininfor:remove','#','admin','2018-03-16 11:33:00','ry','2018-03-16 11:33:00','',NULL,''),
(1045,'日志导出',501,3,'#','',1,'F','0','monitor:logininfor:export','#','admin','2018-03-16 11:33:00','ry','2018-03-16 11:33:00','',NULL,''),
(1046,'在线查询',109,1,'#','',1,'F','0','monitor:online:query','#','admin','2018-03-16 11:33:00','ry','2018-03-16 11:33:00','',NULL,''),
(1047,'批量强退',109,2,'#','',1,'F','0','monitor:online:batchLogout','#','admin','2018-03-16 11:33:00','ry','2018-03-16 11:33:00','',NULL,''),
(1048,'单条强退',109,3,'#','',1,'F','0','monitor:online:forceLogout','#','admin','2018-03-16 11:33:00','ry','2018-03-16 11:33:00','',NULL,''),
(1049,'任务查询',110,1,'#','',1,'F','0','monitor:job:query','#','admin','2018-03-16 11:33:00','ry','2018-03-16 11:33:00','',NULL,''),
(1050,'任务新增',110,2,'#','',1,'F','0','monitor:job:add','#','admin','2018-03-16 11:33:00','ry','2018-03-16 11:33:00','',NULL,''),
(1051,'任务修改',110,3,'#','',1,'F','0','monitor:job:edit','#','admin','2018-03-16 11:33:00','ry','2018-03-16 11:33:00','',NULL,''),
(1052,'任务删除',110,4,'#','',1,'F','0','monitor:job:remove','#','admin','2018-03-16 11:33:00','ry','2018-03-16 11:33:00','',NULL,''),
(1053,'状态修改',110,5,'#','',1,'F','0','monitor:job:changeStatus','#','admin','2018-03-16 11:33:00','ry','2018-03-16 11:33:00','',NULL,''),
(1054,'任务导出',110,7,'#','',1,'F','0','monitor:job:export','#','admin','2018-03-16 11:33:00','ry','2018-03-16 11:33:00','',NULL,''),
(1066,'博客管理',0,1,'',NULL,1,'M','0','','nested','admin','2019-10-24 10:25:45','admin','2019-11-06 11:05:47','',NULL,''),
(1067,'博文管理',1066,1,'/blog/blog','blog/blog/index',1,'C','0','blog:blog:list','dict','admin','2019-10-24 10:26:41','admin','2019-10-24 14:39:17','',NULL,''),
(1068,'评论管理',1066,4,'/blog/comment','blog/comment/index',1,'C','0','blog:comment:list','component','admin','2019-10-24 10:31:20','',NULL,'',NULL,''),
(1069,'类别管理',1066,2,'/blog/category','blog/category/index',1,'C','0','blog:category:list','download','admin','2019-10-24 10:32:17','',NULL,'',NULL,''),
(1071,'黑名单',2,6,'/monitor/blacklist','monitor/blacklist/index',1,'C','0','monitor:blacklist:list','drag','admin','2019-10-24 16:49:08','',NULL,'',NULL,''),
(1072,'友链管理',1,6,'/system/link','system/link/index',1,'C','0','system:link:list','404','admin','2019-10-29 11:27:42','',NULL,'',NULL,''),
(1073,'博文查询',1067,1,'',NULL,1,'F','0','blog:blog:query','#','admin','2019-11-01 17:25:38','',NULL,'',NULL,''),
(1074,'博文修改',1067,2,'',NULL,1,'F','0','blog:blog:edit','#','admin','2019-11-01 17:25:56','',NULL,'',NULL,''),
(1075,'博文新增',1067,3,'',NULL,1,'F','0','blog:blog:add','#','admin','2019-11-01 17:26:14','',NULL,'',NULL,''),
(1076,'博文删除',1067,4,'',NULL,1,'F','0','blog:blog:remove','#','admin','2019-11-01 17:26:39','',NULL,'',NULL,''),
(1077,'类别新增',1069,1,'',NULL,1,'F','0','blog:category:add','#','admin','2019-11-01 17:27:09','',NULL,'',NULL,''),
(1078,'类别删除',1069,2,'',NULL,1,'F','0','blog:category:remove','#','admin','2019-11-01 17:27:27','',NULL,'',NULL,''),
(1079,'分类查询',1069,3,'',NULL,1,'F','0','blog:category:query','#','admin','2019-11-01 17:27:49','',NULL,'',NULL,''),
(1080,'分类修改',1069,4,'',NULL,1,'F','0','blog:category:edit','#','admin','2019-11-01 17:28:09','',NULL,'',NULL,''),
(1081,'评论新增',1068,1,'',NULL,1,'F','0','blog:comment:add','#','admin','2019-11-01 17:28:28','',NULL,'',NULL,''),
(1082,'评论删除',1068,2,'',NULL,1,'F','0','blog:comment:remove','#','admin','2019-11-01 17:28:50','',NULL,'',NULL,''),
(1083,'评论修改',1068,3,'',NULL,1,'F','0','blog:comment:edit','#','admin','2019-11-01 17:29:32','',NULL,'',NULL,''),
(1084,'评论查询',1068,4,'',NULL,1,'F','0','blog:comment:query','#','admin','2019-11-01 17:29:51','',NULL,'',NULL,''),
(1085,'友链新增',1072,1,'',NULL,1,'F','0','system:link:add','#','admin','2019-11-01 17:30:17','',NULL,'',NULL,''),
(1086,'友链删除',1072,2,'',NULL,1,'F','0','system:link:remove','#','admin','2019-11-01 17:30:34','',NULL,'',NULL,''),
(1087,'友链查询',1072,3,'',NULL,1,'F','0','system:link:query','#','admin','2019-11-01 17:30:52','',NULL,'',NULL,''),
(1088,'友链修改',1072,4,'',NULL,1,'F','0','system:link:edit','#','admin','2019-11-01 17:31:08','',NULL,'',NULL,''),
(1089,'黑名单新增',1071,1,'',NULL,1,'F','0','monitor:blacklist:add','#','admin','2019-11-01 17:31:37','',NULL,'',NULL,''),
(1090,'黑名单修改',1071,2,'',NULL,1,'F','0','monitor:blacklist:edit','#','admin','2019-11-01 17:31:53','',NULL,'',NULL,''),
(1091,'黑名单删除',1071,3,'',NULL,1,'F','0','monitor:blacklist:remove','#','admin','2019-11-01 17:32:10','',NULL,'',NULL,''),
(1092,'黑名单查询',1071,4,'',NULL,1,'F','0','monitor:blacklist:query','#','admin','2019-11-01 17:32:24','',NULL,'',NULL,''),
(1093,'轮播图管理',1,7,'/system/carousel','system/carousel/index',1,'C','0','system:carousel:list','dict','admin','2019-11-04 11:11:02','',NULL,'',NULL,''),
(1094,'实时日志',2,6,'/monitor/log','monitor/RealTimeLog/index',1,'C','0',NULL,'education','admin','2019-11-05 18:16:20','',NULL,'',NULL,''),
(1095,'系统工具',0,2,'tool',NULL,1,'M','0',NULL,'education','admin','2019-11-06 10:53:11','',NULL,'',NULL,''),
(1097,'存储管理',1095,2,'tool/storage','tool/storage/index',1,'C','0','tool:storage:list','eye-open','admin','2019-11-06 10:54:28','admin','2019-11-07 12:07:52','',NULL,''),
(1098,'图床管理',1095,3,'tool/pictures','tool/pictures/index',1,'C','0','tool:pictures:list','date','admin','2019-11-06 10:55:34','admin','2019-11-06 10:58:18','',NULL,''),
(1099,'任务日志',108,3,'log/quartz','log/quartzLog/index',1,'C','0','','dict','admin','2019-11-08 16:23:22','admin','2019-11-08 16:23:37','',NULL,'');

/*Table structure for table `sys_notice` */

DROP TABLE IF EXISTS `sys_notice`;

CREATE TABLE `sys_notice` (
                              `id` int(4) NOT NULL AUTO_INCREMENT COMMENT '公告ID',
                              `notice_title` varchar(50) NOT NULL COMMENT '公告标题',
                              `notice_type` char(1) NOT NULL COMMENT '公告类型（1通知 2公告）',
                              `notice_content` varchar(2000) DEFAULT NULL COMMENT '公告内容',
                              `status` char(1) DEFAULT '0' COMMENT '公告状态（0正常 1关闭）',
                              `create_by` varchar(64) DEFAULT '' COMMENT '创建者',
                              `create_time` datetime DEFAULT NULL COMMENT '创建时间',
                              `update_by` varchar(64) DEFAULT '' COMMENT '更新者',
                              `update_time` datetime DEFAULT NULL COMMENT '更新时间',
                              `delete_by` varchar(64) DEFAULT '' COMMENT '刪除者',
                              `delete_time` datetime DEFAULT NULL COMMENT '删除时间',
                              `remark` varchar(255) DEFAULT NULL COMMENT '备注',
                              PRIMARY KEY (`id`)
) ENGINE=InnoDB AUTO_INCREMENT=3 DEFAULT CHARSET=utf8 COMMENT='通知公告表';

/*Data for the table `sys_notice` */

insert  into `sys_notice`(`id`,`notice_title`,`notice_type`,`notice_content`,`status`,`create_by`,`create_time`,`update_by`,`update_time`,`delete_by`,`delete_time`,`remark`) values
(1,'温馨提醒：2018-07-01 若依新版本发布啦','2','<p>新版本内容1123<img src=\"http://localhost:8080/profile/upload/2019/10/10/35492d57cfc519445c1dfcb6119a9c1a.jpg\"></p>','0','admin','2018-03-16 11:33:00','admin','2019-10-10 15:58:20','admin','2019-11-02 00:59:03','管理员'),
(2,'维护通知：2018-07-01 若依系统凌晨维护','1','维护内容','0','admin','2018-03-16 11:33:00','ry','2018-03-16 11:33:00','admin','2019-11-02 00:59:05','管理员');

/*Table structure for table `sys_operate_log` */

DROP TABLE IF EXISTS `sys_operate_log`;

CREATE TABLE `sys_operate_log` (
                                   `id` bigint(20) NOT NULL AUTO_INCREMENT COMMENT '日志主键',
                                   `title` varchar(50) DEFAULT '' COMMENT '模块标题',
                                   `business_type` int(2) DEFAULT '0' COMMENT '业务类型（0其它 1新增 2修改 3删除）',
                                   `method` varchar(100) DEFAULT '' COMMENT '方法名称',
                                   `request_method` varchar(10) DEFAULT '' COMMENT '请求方式',
                                   `operator_type` int(1) DEFAULT '0' COMMENT '操作类别（0其它 1后台用户 2手机端用户）',
                                   `operate_name` varchar(50) DEFAULT '' COMMENT '操作人员',
                                   `url` varchar(255) DEFAULT '' COMMENT '请求URL',
                                   `ip` varchar(50) DEFAULT '' COMMENT '主机地址',
                                   `location` varchar(255) DEFAULT '' COMMENT '操作地点',
                                   `param` varchar(2000) DEFAULT '' COMMENT '请求参数',
                                   `json_result` varchar(2000) DEFAULT '' COMMENT '返回参数',
                                   `status` int(1) DEFAULT '0' COMMENT '操作状态（0正常 1异常）',
                                   `error_msg` varchar(2000) DEFAULT '' COMMENT '错误消息',
                                   `operate_time` datetime DEFAULT NULL COMMENT '操作时间',
                                   PRIMARY KEY (`id`)
) ENGINE=InnoDB AUTO_INCREMENT=14 DEFAULT CHARSET=utf8 COMMENT='操作日志记录';

/*Data for the table `sys_operate_log` */

insert  into `sys_operate_log`(`id`,`title`,`business_type`,`method`,`request_method`,`operator_type`,`operate_name`,`url`,`ip`,`location`,`param`,`json_result`,`status`,`error_msg`,`operate_time`) values
(1,'博客管理',2,'com.dimple.project.blog.controller.BlogController.edit()','PUT',1,'admin','/blog/blog','10.17.80.181','内网IP','{\"params\":{},\"updateBy\":\"admin\",\"comment\":false,\"id\":4}','{\"msg\":\"操作成功\",\"code\":200}',0,NULL,'2019-11-08 09:28:54'),
(2,'博客管理',2,'com.dimple.project.blog.controller.BlogController.edit()','PUT',1,'admin','/blog/blog','10.17.80.181','内网IP','{\"params\":{},\"updateBy\":\"admin\",\"id\":4,\"support\":false}','{\"msg\":\"操作成功\",\"code\":200}',0,NULL,'2019-11-08 09:28:56'),
(3,'博客管理',2,'com.dimple.project.blog.controller.BlogController.editDraft()','PUT',1,'admin','/blog/blog/draft','10.17.80.181','内网IP','{\"summary\":\"这是摘要,这是一个摘要这shi yige 摘要\",\"params\":{},\"title\":\"这是标题\",\"content\":\"<p><span style=\\\"color: #00ff00;\\\">这是一个HTML呀&nbsp;</span></p>\",\"createBy\":\"admin\",\"createTime\":1572669391000,\"updateBy\":\"admin\",\"comment\":false,\"id\":4,\"categoryId\":7,\"headerImg\":\"http://images.bianxiaofeng.com/75c0c7d78482671b30e81f3978bbb5f9\",\"status\":false}','{\"msg\":\"操作成功\",\"code\":200}',0,NULL,'2019-11-08 10:42:56'),
(4,'博客管理',2,'com.dimple.project.blog.controller.BlogController.editDraft()','PUT',1,'admin','/blog/blog/draft','10.17.80.181','内网IP','{\"summary\":\"这是摘要,这是一个摘要这shi yige 摘要\",\"params\":{},\"title\":\"这是标题\",\"content\":\"<p><span style=\\\"color: #00ff00;\\\">这是一个HTML呀&nbsp;</span></p>\",\"createBy\":\"admin\",\"createTime\":1572669391000,\"updateBy\":\"admin\",\"comment\":false,\"id\":4,\"categoryId\":7,\"headerImg\":\"http://images.bianxiaofeng.com/75c0c7d78482671b30e81f3978bbb5f9\",\"status\":false}','{\"msg\":\"操作成功\",\"code\":200}',0,NULL,'2019-11-08 10:43:10'),
(5,'博客管理',2,'com.dimple.project.blog.controller.BlogController.edit()','PUT',1,'admin','/blog/blog','10.17.80.181','内网IP','{\"summary\":\"这是摘要,这是一个摘要这shi yige 摘要\",\"weight\":3,\"params\":{},\"title\":\"这是标题\",\"content\":\"<p><span style=\\\"color: #00ff00;\\\">这是一个HTML呀&nbsp;</span></p>\",\"createBy\":\"admin\",\"createTime\":1572669391000,\"updateBy\":\"admin\",\"comment\":false,\"id\":4,\"tag\":\"多福多寿\",\"support\":true,\"categoryId\":7,\"headerImg\":\"http://images.bianxiaofeng.com/75c0c7d78482671b30e81f3978bbb5f9\",\"status\":true}','{\"msg\":\"操作成功\",\"code\":200}',0,NULL,'2019-11-08 10:46:11'),
(6,'个人信息',2,'com.dimple.project.system.controller.ProfileController.updateProfile()','PUT',1,'admin','/system/user/profile','10.17.80.181','内网IP','{\"admin\":true,\"avatar\":\"hthz_9.jpeg\",\"params\":{},\"id\":1}','{\"msg\":\"操作成功\",\"code\":200}',0,NULL,'2019-11-08 13:46:22'),
(7,'菜单管理',1,'com.dimple.project.system.controller.MenuController.add()','POST',1,'admin','/system/menu','10.17.80.181','内网IP','{\"visible\":\"0\",\"icon\":\"dict\",\"orderNum\":\"3\",\"menuName\":\"任务日志\",\"params\":{},\"parentId\":108,\"path\":\"log/quartz\",\"component\":\"log/quartz/index\",\"createBy\":\"admin\",\"children\":[],\"isFrame\":\"1\",\"menuType\":\"C\"}','{\"msg\":\"操作成功\",\"code\":200}',0,NULL,'2019-11-08 16:23:22'),
(8,'菜单管理',2,'com.dimple.project.system.controller.MenuController.edit()','PUT',1,'admin','/system/menu','10.17.80.181','内网IP','{\"visible\":\"0\",\"icon\":\"dict\",\"orderNum\":\"3\",\"menuName\":\"任务日志\",\"params\":{},\"parentId\":108,\"path\":\"log/quartz\",\"component\":\"log/quartzLog/index\",\"children\":[],\"createTime\":1573201402000,\"updateBy\":\"admin\",\"isFrame\":\"1\",\"menuType\":\"C\",\"perms\":\"\",\"id\":1099}','{\"msg\":\"操作成功\",\"code\":200}',0,NULL,'2019-11-08 16:23:37'),
(9,'黑名单管理',1,'com.dimple.project.monitor.controller.BlacklistController.add()','POST',1,'admin','/monitor/blacklist','10.17.80.181','内网IP','{\"ip\":\"127.22.32.3\",\"description\":\"1231\",\"params\":{},\"createBy\":\"admin\"}','{\"msg\":\"操作成功\",\"code\":200}',0,NULL,'2019-11-08 18:59:19'),
(10,'黑名单管理',1,'com.dimple.project.monitor.controller.BlacklistController.add()','POST',1,'admin','/monitor/blacklist','10.17.80.181','内网IP','{\"ip\":\"195.23.23.22\",\"description\":\"1513\",\"params\":{},\"createBy\":\"admin\"}','{\"msg\":\"操作成功\",\"code\":200}',0,NULL,'2019-11-08 19:00:16'),
(11,'黑名单管理',3,'com.dimple.project.monitor.controller.BlacklistController.remove()','DELETE',1,'admin','/monitor/blacklist/10','10.17.80.181','内网IP','{ids=10}','{\"msg\":\"操作成功\",\"code\":200}',0,NULL,'2019-11-08 19:00:21'),
(12,'黑名单管理',3,'com.dimple.project.monitor.controller.BlacklistController.remove()','DELETE',1,'admin','/monitor/blacklist/10','10.17.80.181','内网IP','{ids=10}','{\"msg\":\"操作成功\",\"code\":200}',0,NULL,'2019-11-08 19:00:23'),
(13,'黑名单管理',3,'com.dimple.project.monitor.controller.BlacklistController.remove()','DELETE',1,'admin','/monitor/blacklist/11','10.17.80.181','内网IP','{ids=11}','{\"msg\":\"操作成功\",\"code\":200}',0,NULL,'2019-11-08 19:00:42');

/*Table structure for table `sys_quartz_log` */

DROP TABLE IF EXISTS `sys_quartz_log`;

CREATE TABLE `sys_quartz_log` (
                                  `id` bigint(20) NOT NULL AUTO_INCREMENT,
                                  `job_name` varchar(255) DEFAULT NULL COMMENT '任务名称',
                                  `bean_name` varchar(255) DEFAULT NULL COMMENT 'Bean的名称',
                                  `method_name` varchar(255) DEFAULT NULL COMMENT '方法名称',
                                  `params` varchar(255) DEFAULT NULL COMMENT '参数',
                                  `cron_expression` varchar(255) DEFAULT NULL COMMENT 'corn表达式',
                                  `exception` text COMMENT '异常信息',
                                  `status` tinyint(4) DEFAULT NULL COMMENT 'true表示成功,false表示失败',
                                  `cost` bigint(20) DEFAULT NULL COMMENT '耗时',
                                  `create_time` datetime DEFAULT NULL,
                                  PRIMARY KEY (`id`) USING BTREE
) ENGINE=InnoDB AUTO_INCREMENT=7 DEFAULT CHARSET=utf8 ROW_FORMAT=COMPACT;

/*Data for the table `sys_quartz_log` */

/*Table structure for table `sys_role` */

DROP TABLE IF EXISTS `sys_role`;

CREATE TABLE `sys_role` (
                            `id` bigint(20) NOT NULL AUTO_INCREMENT COMMENT '角色ID',
                            `role_name` varchar(30) NOT NULL COMMENT '角色名称',
                            `role_key` varchar(100) NOT NULL COMMENT '角色权限字符串',
                            `role_sort` int(4) NOT NULL COMMENT '显示顺序',
                            `status` char(1) NOT NULL COMMENT '角色状态（0正常 1停用）',
                            `create_by` varchar(64) DEFAULT '' COMMENT '创建者',
                            `create_time` datetime DEFAULT NULL COMMENT '创建时间',
                            `update_by` varchar(64) DEFAULT '' COMMENT '更新者',
                            `update_time` datetime DEFAULT NULL COMMENT '更新时间',
                            `delete_by` varchar(64) DEFAULT '' COMMENT '刪除者',
                            `delete_time` datetime DEFAULT NULL COMMENT '删除时间',
                            `remark` varchar(500) DEFAULT NULL COMMENT '备注',
                            PRIMARY KEY (`id`)
) ENGINE=InnoDB AUTO_INCREMENT=4 DEFAULT CHARSET=utf8 COMMENT='角色信息表';

/*Data for the table `sys_role` */

insert  into `sys_role`(`id`,`role_name`,`role_key`,`role_sort`,`status`,`create_by`,`create_time`,`update_by`,`update_time`,`delete_by`,`delete_time`,`remark`) values
(1,'管理员','admin',1,'0','admin','2018-03-16 11:33:00','23','2018-03-16 11:33:00','',NULL,'管理员'),
(2,'普通角色','common',2,'0','admin','2018-03-16 11:33:00','admin','2019-11-06 13:01:04','',NULL,'普通角色'),
(3,'111','11',1,'0','admin','2019-10-23 15:45:44','admin','2019-10-23 15:46:13','admin','2019-10-23 15:46:18',NULL);

/*Table structure for table `sys_role_menu` */

DROP TABLE IF EXISTS `sys_role_menu`;

CREATE TABLE `sys_role_menu` (
                                 `role_id` bigint(20) NOT NULL COMMENT '角色ID',
                                 `menu_id` bigint(20) NOT NULL COMMENT '菜单ID',
                                 PRIMARY KEY (`role_id`,`menu_id`)
) ENGINE=InnoDB DEFAULT CHARSET=utf8 COMMENT='角色和菜单关联表';

/*Data for the table `sys_role_menu` */

insert  into `sys_role_menu`(`role_id`,`menu_id`) values
(2,1),
(2,2),
(2,100),
(2,101),
(2,102),
(2,105),
(2,106),
(2,107),
(2,108),
(2,110),
(2,115),
(2,500),
(2,501),
(2,1001),
(2,1002),
(2,1003),
(2,1004),
(2,1005),
(2,1006),
(2,1007),
(2,1008),
(2,1009),
(2,1010),
(2,1011),
(2,1012),
(2,1013),
(2,1014),
(2,1015),
(2,1016),
(2,1026),
(2,1027),
(2,1028),
(2,1029),
(2,1030),
(2,1031),
(2,1032),
(2,1033),
(2,1034),
(2,1035),
(2,1036),
(2,1037),
(2,1038),
(2,1039),
(2,1040),
(2,1041),
(2,1042),
(2,1043),
(2,1044),
(2,1045),
(2,1049),
(2,1050),
(2,1051),
(2,1052),
(2,1053),
(2,1054),
(2,1095),
(2,1097),
(2,1098),
(3,2),
(3,109),
(3,110),
(3,111),
(3,112),
(3,1046),
(3,1047),
(3,1048),
(3,1049),
(3,1050),
(3,1051),
(3,1052),
(3,1053),
(3,1054);

/*Table structure for table `sys_user` */

DROP TABLE IF EXISTS `sys_user`;

CREATE TABLE `sys_user` (
                            `id` bigint(20) NOT NULL AUTO_INCREMENT COMMENT '用户ID',
                            `user_name` varchar(30) NOT NULL COMMENT '用户账号',
                            `nick_name` varchar(30) NOT NULL COMMENT '用户昵称',
                            `user_type` varchar(2) DEFAULT '00' COMMENT '用户类型（00系统用户）',
                            `email` varchar(50) DEFAULT '' COMMENT '用户邮箱',
                            `phone` varchar(11) DEFAULT '' COMMENT '手机号码',
                            `sex` char(1) DEFAULT '0' COMMENT '用户性别（0男 1女 2未知）',
                            `avatar` varchar(100) DEFAULT '' COMMENT '头像地址',
                            `password` varchar(100) DEFAULT '' COMMENT '密码',
                            `status` char(1) DEFAULT '0' COMMENT '帐号状态（0正常 1停用）',
                            `login_ip` varchar(50) DEFAULT '' COMMENT '最后登陆IP',
                            `login_date` datetime DEFAULT NULL COMMENT '最后登陆时间',
                            `create_by` varchar(64) DEFAULT '' COMMENT '创建者',
                            `create_time` datetime DEFAULT NULL COMMENT '创建时间',
                            `update_by` varchar(64) DEFAULT '' COMMENT '更新者',
                            `update_time` datetime DEFAULT NULL COMMENT '更新时间',
                            `delete_by` varchar(64) DEFAULT '' COMMENT '刪除者',
                            `delete_time` datetime DEFAULT NULL COMMENT '删除时间',
                            `remark` varchar(500) DEFAULT NULL COMMENT '备注',
                            PRIMARY KEY (`id`)
) ENGINE=InnoDB AUTO_INCREMENT=4 DEFAULT CHARSET=utf8 COMMENT='用户信息表';

/*Data for the table `sys_user` */

insert  into `sys_user`(`id`,`user_name`,`nick_name`,`user_type`,`email`,`phone`,`sex`,`avatar`,`password`,`status`,`login_ip`,`login_date`,`create_by`,`create_time`,`update_by`,`update_time`,`delete_by`,`delete_time`,`remark`) values
(1,'admin','Dimple','00','ry@163.com','15822222222','1','hthz_9.jpeg','$2a$10$7JB720yubVSZvUI0rEqK/.VqGOZTH.ulu33dHOiBE8ByOhJIrdAu2','0','127.0.0.1','2018-03-16 11:33:00','admin','2018-03-16 11:33:00','ry','2019-11-08 13:46:22','',NULL,'管理员'),
(2,'test','测试','00','test@qq.com','15666666666','1','default.jpg','$2a$10$hSL8f.30KJkGq7nZ4W9.W.mgKQUmxq2Twq4o7a2FlWDiP6yVpC95S','0','127.0.0.1','2018-03-16 11:33:00','admin','2018-03-16 11:33:00','admin','2019-11-06 13:00:54','',NULL,'测试员'),
(3,'admin1','11','00','network@artech.com','15923652363','0','default.jpg','$2a$10$hPifjlDc.5sEbalGlp4agOmlungpzq0tUpk62X04iJvaToyFaKLse','0','',NULL,'admin','2019-10-23 15:44:49','',NULL,'admin','2019-10-23 16:52:26','111');

/*Table structure for table `sys_user_role` */

DROP TABLE IF EXISTS `sys_user_role`;

CREATE TABLE `sys_user_role` (
                                 `user_id` bigint(20) NOT NULL COMMENT '用户ID',
                                 `role_id` bigint(20) NOT NULL COMMENT '角色ID',
                                 PRIMARY KEY (`user_id`,`role_id`)
) ENGINE=InnoDB DEFAULT CHARSET=utf8 COMMENT='用户和角色关联表';

/*Data for the table `sys_user_role` */

insert  into `sys_user_role`(`user_id`,`role_id`) values
(1,1),
(2,2);

/*Table structure for table `tool_local_storage` */

DROP TABLE IF EXISTS `tool_local_storage`;

CREATE TABLE `tool_local_storage` (
                                      `id` bigint(20) NOT NULL AUTO_INCREMENT,
                                      `real_name` varchar(256) DEFAULT NULL COMMENT '文件真实名称',
                                      `name` varchar(256) DEFAULT NULL COMMENT '文件名',
                                      `suffix` varchar(128) DEFAULT NULL COMMENT '后缀',
                                      `path` varchar(256) DEFAULT NULL COMMENT '路径',
                                      `type` varchar(128) DEFAULT NULL COMMENT '文件类型',
                                      `size` varchar(128) DEFAULT NULL COMMENT '大小',
                                      `create_by` varchar(128) DEFAULT NULL,
                                      `create_time` datetime DEFAULT NULL,
                                      `update_time` datetime DEFAULT NULL,
                                      `update_by` varchar(128) DEFAULT NULL,
                                      `delete_by` varchar(128) DEFAULT NULL,
                                      `delete_time` datetime DEFAULT NULL,
                                      PRIMARY KEY (`id`)
) ENGINE=InnoDB AUTO_INCREMENT=15 DEFAULT CHARSET=utf8 COMMENT='本地存储';

/*Data for the table `tool_local_storage` */

insert  into `tool_local_storage`(`id`,`real_name`,`name`,`suffix`,`path`,`type`,`size`,`create_by`,`create_time`,`update_time`,`update_by`,`delete_by`,`delete_time`) values
(1,'api-ms-win-core-interlocked-l1-1-020191107125502.dll','api-ms-win-core-interlocked-l1-1-0','dll','D:\\dimple\\dimpleBlog\\file\\upload其他\\api-ms-win-core-interlocked-l1-1-020191107125502.dll','其他','18.26KB','admin','2019-11-07 12:55:02',NULL,NULL,'admin','2019-11-07 13:35:36'),
(2,'api-ms-win-core-handle-l1-1-020191107013547.dll','api-ms-win-core-handle-l1-1-0','dll','D:\\dimple\\dimpleBlog\\file\\upload其他\\api-ms-win-core-handle-l1-1-020191107013547.dll','其他','17.76KB','admin','2019-11-07 13:35:47',NULL,NULL,'admin','2019-11-07 13:39:51'),
(3,'api-ms-win-core-handle-l1-1-020191107013717.dll','api-ms-win-core-handle-l1-1-0','dll','D:\\dimple\\dimpleBlog\\file\\upload其他\\api-ms-win-core-handle-l1-1-020191107013717.dll','其他','17.76KB','admin','2019-11-07 13:37:17',NULL,NULL,'admin','2019-11-07 13:39:52'),
(4,'api-ms-win-crt-time-l1-1-020191107013940.dll','api-ms-win-crt-time-l1-1-0','dll','D:\\dimple\\dimpleBlog\\file\\upload其他\\api-ms-win-crt-time-l1-1-020191107013940.dll','其他','20.26KB','admin','2019-11-07 13:39:40',NULL,NULL,'admin','2019-11-07 13:39:53'),
(5,'api-ms-win-core-heap-l1-1-020191107014008.dll','765','dll','D:\\dimple\\dimpleBlog\\file\\upload其他\\api-ms-win-core-heap-l1-1-020191107014008.dll','其他','17.76KB','admin','2019-11-07 13:40:08','2019-11-07 13:41:07','admin','admin','2019-11-07 14:11:29'),
(6,'computer-operation_120191107014326.png','computer-operation_1','png','D:\\dimple\\dimpleBlog\\file\\upload图片\\computer-operation_120191107014326.png','图片','2.72KB','admin','2019-11-07 13:43:26',NULL,NULL,'admin','2019-11-07 14:11:28'),
(7,'Free-Converter.com-recycle_bin_file-7832421020191107021136.ico','Free-Converter.com-recycle_bin_file-78324210','ico','D:\\dimple\\dimpleBlog\\file\\其他\\Free-Converter.com-recycle_bin_file-7832421020191107021136.ico','其他','11.52KB','admin','2019-11-07 14:11:36',NULL,NULL,'admin','2019-11-07 14:11:54'),
(8,'Free-Converter.com-computer-operation_1-6317412920191107021235.ico','Free-Converter.com-computer-operation_1-63174129','ico','D:\\dimple\\dimpleBlog\\file\\其他\\Free-Converter.com-computer-operation_1-6317412920191107021235.ico','其他','222.81KB','admin','2019-11-07 14:12:35',NULL,NULL,'admin','2019-11-07 14:19:42'),
(9,'Free-Converter.com-recycle_bin_file-7832421020191107021955.ico','Free-Converter.com-recycle_bin_file-78324210','ico','D:\\dimple\\dimpleBlog\\file\\其他\\Free-Converter.com-recycle_bin_file-7832421020191107021955.ico','其他','11.52KB','admin','2019-11-07 14:19:55',NULL,NULL,'admin','2019-11-07 14:20:03'),
(10,'person20191107022311.png','person','png','D:\\dimple\\dimpleBlog\\file\\图片\\person20191107022311.png','图片','12.71KB','admin','2019-11-07 14:23:11',NULL,NULL,'admin','2019-11-07 14:44:04'),
(11,'navicat-keygen-for-x6420191107024414.zip','navicat-keygen-for-x64111','zip','D:\\dimple\\dimpleBlog\\file\\其他\\navicat-keygen-for-x6420191107024414.zip','其他','2.01MB','admin','2019-11-07 14:44:14','2019-11-07 14:44:41','admin','admin','2019-11-07 14:44:54'),
(12,'nginx-1.17.320191107025254.zip','nginx-1.17.3','zip','D:\\dimple\\dimpleBlog\\file\\其他\\nginx-1.17.320191107025254.zip','其他','1.62MB','admin','2019-11-07 14:52:54',NULL,NULL,'admin','2019-11-07 16:19:08'),
(13,'persons20191107052650.png','persons','png','D:\\dimple\\dimpleBlog\\file\\图片\\persons20191107052650.png','图片','9.63KB','admin','2019-11-07 17:26:50',NULL,NULL,'admin','2019-11-07 17:28:53'),
(14,'computer-operation_120191107052702.png','computer-operation_1','png','D:\\dimple\\dimpleBlog\\file\\图片\\computer-operation_120191107052702.png','图片','2.72KB','admin','2019-11-07 17:27:02',NULL,NULL,'admin','2019-11-07 17:28:55');

/*Table structure for table `tool_qi_niu_content` */

DROP TABLE IF EXISTS `tool_qi_niu_content`;

CREATE TABLE `tool_qi_niu_content` (
                                       `id` bigint(20) NOT NULL AUTO_INCREMENT,
                                       `name` varchar(128) DEFAULT NULL COMMENT '七牛云文件名称',
                                       `bucket` varchar(128) DEFAULT NULL COMMENT '空间',
                                       `size` varchar(64) DEFAULT NULL COMMENT '文件大小',
                                       `url` varchar(128) DEFAULT NULL COMMENT '文件访问地址',
                                       `suffix` varchar(64) DEFAULT NULL COMMENT '文件后缀',
                                       `type` varchar(64) DEFAULT NULL COMMENT '类型',
                                       `create_by` varchar(128) DEFAULT NULL,
                                       `create_time` datetime DEFAULT NULL,
                                       `update_time` datetime DEFAULT NULL,
                                       `update_by` varchar(128) DEFAULT NULL,
                                       `delete_by` varchar(128) DEFAULT NULL,
                                       `delete_time` datetime DEFAULT NULL,
                                       PRIMARY KEY (`id`)
) ENGINE=InnoDB DEFAULT CHARSET=utf8 COMMENT='七牛云数据本地缓存';

/*Data for the table `tool_qi_niu_content` */

/*Table structure for table `tool_quartz_job` */

DROP TABLE IF EXISTS `tool_quartz_job`;

CREATE TABLE `tool_quartz_job` (
                                   `id` bigint(20) NOT NULL AUTO_INCREMENT COMMENT 'ID',
                                   `job_name` varchar(255) DEFAULT NULL COMMENT '任务名称',
                                   `bean_name` varchar(255) DEFAULT NULL COMMENT 'Spring Bean名称',
                                   `method_name` varchar(255) DEFAULT NULL COMMENT '方法名称',
                                   `method_params` varchar(255) DEFAULT NULL COMMENT '参数',
                                   `cron_expression` varchar(255) DEFAULT NULL COMMENT 'cron 表达式',
                                   `status` tinyint(4) DEFAULT NULL COMMENT '状态:true表示运行,false表示暂停',
                                   `remark` varchar(255) DEFAULT NULL COMMENT '备注',
                                   `create_time` datetime DEFAULT NULL COMMENT '创建日期',
                                   `create_by` varchar(128) DEFAULT NULL,
                                   `update_by` varchar(128) DEFAULT NULL,
                                   `update_time` datetime DEFAULT NULL,
                                   `delete_by` varchar(128) DEFAULT NULL,
                                   `delete_time` datetime DEFAULT NULL,
                                   PRIMARY KEY (`id`) USING BTREE
) ENGINE=InnoDB AUTO_INCREMENT=4 DEFAULT CHARSET=utf8 ROW_FORMAT=COMPACT COMMENT='定时任务表';

/*Data for the table `tool_quartz_job` */

insert  into `tool_quartz_job`(`id`,`job_name`,`bean_name`,`method_name`,`method_params`,`cron_expression`,`status`,`remark`,`create_time`,`create_by`,`update_by`,`update_time`,`delete_by`,`delete_time`) values
(1,'更新访客记录','visitsTask','run',NULL,'0 0 0 * * ?',0,'每日0点创建新的访客记录','2019-01-08 14:53:31',NULL,NULL,'2019-11-08 09:32:17',NULL,NULL),
(2,'测试1','testTask','run1','test','0/5 * * * * ?',0,'带参测试，多参使用json','2019-08-22 14:08:29',NULL,NULL,'2019-11-08 16:41:24',NULL,NULL),
(3,'测试','testTask','run','','0/5 * * * * ?',0,'不带参测试','2019-09-26 16:44:39',NULL,NULL,'2019-11-08 09:41:26',NULL,NULL);

/*Table structure for table `tool_quartz_log` */

DROP TABLE IF EXISTS `tool_quartz_log`;

CREATE TABLE `tool_quartz_log` (
                                   `id` bigint(20) NOT NULL AUTO_INCREMENT,
                                   `job_name` varchar(255) DEFAULT NULL COMMENT '任务名称',
                                   `bean_name` varchar(255) DEFAULT NULL COMMENT 'Bean的名称',
                                   `method_name` varchar(255) DEFAULT NULL COMMENT '方法名称',
                                   `method_params` varchar(255) DEFAULT NULL COMMENT '参数',
                                   `cron_expression` varchar(255) DEFAULT NULL COMMENT 'corn表达式',
                                   `exception` text COMMENT '异常信息',
                                   `status` tinyint(4) DEFAULT NULL COMMENT 'true表示成功,false表示失败',
                                   `cost` bigint(20) DEFAULT NULL COMMENT '耗时',
                                   `create_time` datetime DEFAULT NULL,
                                   PRIMARY KEY (`id`) USING BTREE
) ENGINE=InnoDB AUTO_INCREMENT=1053 DEFAULT CHARSET=utf8 ROW_FORMAT=COMPACT COMMENT='Job日志';

/*Data for the table `tool_quartz_log` */

insert  into `tool_quartz_log`(`id`,`job_name`,`bean_name`,`method_name`,`method_params`,`cron_expression`,`exception`,`status`,`cost`,`create_time`) values
(1,'更新访客记录','visitsTask','run',NULL,'0 0 0 * * ?','org.springframework.beans.factory.NoSuchBeanDefinitionException: No bean named \'visitsTask\' available\r\n	at org.springframework.beans.factory.support.DefaultListableBeanFactory.getBeanDefinition(DefaultListableBeanFactory.java:805)\r\n	at org.springframework.beans.factory.support.AbstractBeanFactory.getMergedLocalBeanDefinition(AbstractBeanFactory.java:1278)\r\n	at org.springframework.beans.factory.support.AbstractBeanFactory.doGetBean(AbstractBeanFactory.java:297)\r\n	at org.springframework.beans.factory.support.AbstractBeanFactory.getBean(AbstractBeanFactory.java:202)\r\n	at com.dimple.common.utils.spring.SpringUtils.getBean(SpringUtils.java:37)\r\n	at com.dimple.project.tool.utils.QuartzRunnable.<init>(QuartzRunnable.java:24)\r\n	at com.dimple.project.tool.utils.ExecutionJob.executeInternal(ExecutionJob.java:51)\r\n	at org.springframework.scheduling.quartz.QuartzJobBean.execute(QuartzJobBean.java:75)\r\n	at org.quartz.core.JobRunShell.run(JobRunShell.java:202)\r\n	at org.quartz.simpl.SimpleThreadPool$WorkerThread.run(SimpleThreadPool.java:573)\r\n',NULL,24,'2019-11-08 09:30:35'),
(2,'测试','testTask','run',NULL,'0/5 * * * * ?',NULL,1,1,'2019-11-08 09:30:50'),
(3,'更新访客记录','visitsTask','run',NULL,'0 0 0 * * ?','org.springframework.beans.factory.NoSuchBeanDefinitionException: No bean named \'visitsTask\' available\r\n	at org.springframework.beans.factory.support.DefaultListableBeanFactory.getBeanDefinition(DefaultListableBeanFactory.java:805)\r\n	at org.springframework.beans.factory.support.AbstractBeanFactory.getMergedLocalBeanDefinition(AbstractBeanFactory.java:1278)\r\n	at org.springframework.beans.factory.support.AbstractBeanFactory.doGetBean(AbstractBeanFactory.java:297)\r\n	at org.springframework.beans.factory.support.AbstractBeanFactory.getBean(AbstractBeanFactory.java:202)\r\n	at com.dimple.common.utils.spring.SpringUtils.getBean(SpringUtils.java:37)\r\n	at com.dimple.project.tool.utils.QuartzRunnable.<init>(QuartzRunnable.java:24)\r\n	at com.dimple.project.tool.utils.ExecutionJob.executeInternal(ExecutionJob.java:51)\r\n	at org.springframework.scheduling.quartz.QuartzJobBean.execute(QuartzJobBean.java:75)\r\n	at org.quartz.core.JobRunShell.run(JobRunShell.java:202)\r\n	at org.quartz.simpl.SimpleThreadPool$WorkerThread.run(SimpleThreadPool.java:573)\r\n',NULL,1,'2019-11-08 09:32:17'),
(4,'测试1','testTask','run1','test','0/5 * * * * ?',NULL,1,3,'2019-11-08 09:39:30'),
(5,'测试','testTask','run',NULL,'0/5 * * * * ?',NULL,1,NULL,'2019-11-08 09:39:30'),
(6,'测试','testTask','run',NULL,'0/5 * * * * ?',NULL,1,4,'2019-11-08 09:40:45'),
(7,'测试1','testTask','run1','test','0/5 * * * * ?',NULL,1,4,'2019-11-08 09:40:45'),
(8,'测试','testTask','run',NULL,'0/5 * * * * ?',NULL,1,1,'2019-11-08 09:40:50'),
(9,'测试1','testTask','run1','test','0/5 * * * * ?',NULL,1,1,'2019-11-08 09:40:50'),
(10,'测试1','testTask','run1','test','0/5 * * * * ?',NULL,1,2,'2019-11-08 09:40:55'),
(11,'测试','testTask','run',NULL,'0/5 * * * * ?',NULL,1,1,'2019-11-08 09:40:55'),
(12,'测试','testTask','run',NULL,'0/5 * * * * ?',NULL,1,2,'2019-11-08 09:41:00'),
(13,'测试1','testTask','run1','test','0/5 * * * * ?',NULL,1,1,'2019-11-08 09:41:00'),
(14,'测试','testTask','run',NULL,'0/5 * * * * ?',NULL,1,1,'2019-11-08 09:41:05'),
(15,'测试1','testTask','run1','test','0/5 * * * * ?',NULL,1,1,'2019-11-08 09:41:05'),
(16,'测试1','testTask','run1','test','0/5 * * * * ?',NULL,1,1,'2019-11-08 09:41:10'),
(17,'测试','testTask','run',NULL,'0/5 * * * * ?',NULL,1,1,'2019-11-08 09:41:10'),
(18,'测试','testTask','run',NULL,'0/5 * * * * ?',NULL,1,1,'2019-11-08 09:41:15'),
(19,'测试1','testTask','run1','test','0/5 * * * * ?',NULL,1,1,'2019-11-08 09:41:15'),
(20,'测试1','testTask','run1','test','0/5 * * * * ?',NULL,1,2,'2019-11-08 09:41:20'),
(21,'测试','testTask','run',NULL,'0/5 * * * * ?',NULL,1,2,'2019-11-08 09:41:20'),
(22,'测试','testTask','run',NULL,'0/5 * * * * ?',NULL,1,1,'2019-11-08 09:41:25'),
(23,'测试1','testTask','run1','test','0/5 * * * * ?',NULL,1,2,'2019-11-08 14:19:25'),
(24,'测试1','testTask','run1','test','0/5 * * * * ?',NULL,1,1,'2019-11-08 14:19:30'),
(25,'测试1','testTask','run1','test','0/5 * * * * ?',NULL,1,1,'2019-11-08 14:19:35'),
(26,'测试1','testTask','run1','test','0/5 * * * * ?',NULL,1,1,'2019-11-08 14:19:40'),
(27,'测试1','testTask','run1','test','0/5 * * * * ?',NULL,1,1,'2019-11-08 14:19:45'),
(28,'测试1','testTask','run1','test','0/5 * * * * ?',NULL,1,1,'2019-11-08 14:19:50'),
(29,'测试1','testTask','run1','test','0/5 * * * * ?',NULL,1,1,'2019-11-08 14:19:55'),
(30,'测试1','testTask','run1','test','0/5 * * * * ?',NULL,1,2,'2019-11-08 14:20:00'),
(31,'测试1','testTask','run1','test','0/5 * * * * ?',NULL,1,1,'2019-11-08 14:20:05'),
(32,'测试1','testTask','run1','test','0/5 * * * * ?',NULL,1,1,'2019-11-08 14:20:10'),
(33,'测试1','testTask','run1','test','0/5 * * * * ?',NULL,1,1,'2019-11-08 14:20:15'),
(34,'测试1','testTask','run1','test','0/5 * * * * ?',NULL,1,1,'2019-11-08 14:20:20'),
(35,'测试1','testTask','run1','test','0/5 * * * * ?',NULL,1,1,'2019-11-08 14:20:25'),
(36,'测试1','testTask','run1','test','0/5 * * * * ?',NULL,1,1,'2019-11-08 14:20:30'),
(37,'测试1','testTask','run1','test','0/5 * * * * ?',NULL,1,1,'2019-11-08 14:20:35'),
(38,'测试1','testTask','run1','test','0/5 * * * * ?',NULL,1,9,'2019-11-08 14:20:40'),
(39,'测试1','testTask','run1','test','0/5 * * * * ?',NULL,1,1,'2019-11-08 14:20:45'),
(40,'测试1','testTask','run1','test','0/5 * * * * ?',NULL,1,1,'2019-11-08 14:20:50'),
(41,'测试1','testTask','run1','test','0/5 * * * * ?',NULL,1,1,'2019-11-08 14:20:55'),
(42,'测试1','testTask','run1','test','0/5 * * * * ?',NULL,1,3,'2019-11-08 14:21:00'),
(43,'测试1','testTask','run1','test','0/5 * * * * ?',NULL,1,1,'2019-11-08 14:21:05'),
(44,'测试1','testTask','run1','test','0/5 * * * * ?',NULL,1,1,'2019-11-08 14:21:10'),
(45,'测试1','testTask','run1','test','0/5 * * * * ?',NULL,1,2,'2019-11-08 14:21:15'),
(46,'测试1','testTask','run1','test','0/5 * * * * ?',NULL,1,1,'2019-11-08 14:21:20'),
(47,'测试1','testTask','run1','test','0/5 * * * * ?',NULL,1,1,'2019-11-08 14:21:25'),
(48,'测试1','testTask','run1','test','0/5 * * * * ?',NULL,1,118,'2019-11-08 14:21:30'),
(49,'测试1','testTask','run1','test','0/5 * * * * ?',NULL,1,1,'2019-11-08 14:21:35'),
(50,'测试1','testTask','run1','test','0/5 * * * * ?',NULL,1,1,'2019-11-08 14:21:40'),
(51,'测试1','testTask','run1','test','0/5 * * * * ?',NULL,1,1,'2019-11-08 14:21:45'),
(52,'测试1','testTask','run1','test','0/5 * * * * ?',NULL,1,1,'2019-11-08 14:21:50'),
(53,'测试1','testTask','run1','test','0/5 * * * * ?',NULL,1,1,'2019-11-08 14:21:55'),
(54,'测试1','testTask','run1','test','0/5 * * * * ?',NULL,1,1,'2019-11-08 14:22:00'),
(55,'测试1','testTask','run1','test','0/5 * * * * ?',NULL,1,1,'2019-11-08 14:22:05'),
(56,'测试1','testTask','run1','test','0/5 * * * * ?',NULL,1,1,'2019-11-08 14:22:10'),
(57,'测试1','testTask','run1','test','0/5 * * * * ?',NULL,1,1,'2019-11-08 14:22:15'),
(58,'测试1','testTask','run1','test','0/5 * * * * ?',NULL,1,NULL,'2019-11-08 14:22:20'),
(59,'测试1','testTask','run1','test','0/5 * * * * ?',NULL,1,1,'2019-11-08 14:22:25'),
(60,'测试1','testTask','run1','test','0/5 * * * * ?',NULL,1,1,'2019-11-08 14:22:30'),
(61,'测试1','testTask','run1','test','0/5 * * * * ?',NULL,1,1,'2019-11-08 14:22:35'),
(62,'测试1','testTask','run1','test','0/5 * * * * ?',NULL,1,1,'2019-11-08 14:22:40'),
(63,'测试1','testTask','run1','test','0/5 * * * * ?',NULL,1,1,'2019-11-08 14:22:45'),
(64,'测试1','testTask','run1','test','0/5 * * * * ?',NULL,1,1,'2019-11-08 14:22:50'),
(65,'测试1','testTask','run1','test','0/5 * * * * ?',NULL,1,NULL,'2019-11-08 14:22:55'),
(66,'测试1','testTask','run1','test','0/5 * * * * ?',NULL,1,2,'2019-11-08 14:23:00'),
(67,'测试1','testTask','run1','test','0/5 * * * * ?',NULL,1,1,'2019-11-08 14:23:05'),
(68,'测试1','testTask','run1','test','0/5 * * * * ?',NULL,1,1,'2019-11-08 14:23:10'),
(69,'测试1','testTask','run1','test','0/5 * * * * ?',NULL,1,1,'2019-11-08 14:23:15'),
(70,'测试1','testTask','run1','test','0/5 * * * * ?',NULL,1,1,'2019-11-08 14:23:20'),
(71,'测试1','testTask','run1','test','0/5 * * * * ?',NULL,1,1,'2019-11-08 14:23:25'),
(72,'测试1','testTask','run1','test','0/5 * * * * ?',NULL,1,2,'2019-11-08 14:23:30'),
(73,'测试1','testTask','run1','test','0/5 * * * * ?',NULL,1,NULL,'2019-11-08 14:23:35'),
(74,'测试1','testTask','run1','test','0/5 * * * * ?',NULL,1,NULL,'2019-11-08 14:23:40'),
(75,'测试1','testTask','run1','test','0/5 * * * * ?',NULL,1,1,'2019-11-08 14:23:45'),
(76,'测试1','testTask','run1','test','0/5 * * * * ?',NULL,1,NULL,'2019-11-08 14:23:50'),
(77,'测试1','testTask','run1','test','0/5 * * * * ?',NULL,1,56,'2019-11-08 14:23:55'),
(78,'测试1','testTask','run1','test','0/5 * * * * ?',NULL,1,NULL,'2019-11-08 14:24:00'),
(79,'测试1','testTask','run1','test','0/5 * * * * ?',NULL,1,NULL,'2019-11-08 14:24:05'),
(80,'测试1','testTask','run1','test','0/5 * * * * ?',NULL,1,NULL,'2019-11-08 14:24:10'),
(81,'测试1','testTask','run1','test','0/5 * * * * ?',NULL,1,1,'2019-11-08 14:24:15'),
(82,'测试1','testTask','run1','test','0/5 * * * * ?',NULL,1,NULL,'2019-11-08 14:24:20'),
(83,'测试1','testTask','run1','test','0/5 * * * * ?',NULL,1,1,'2019-11-08 14:24:25'),
(84,'测试1','testTask','run1','test','0/5 * * * * ?',NULL,1,NULL,'2019-11-08 14:24:30'),
(85,'测试1','testTask','run1','test','0/5 * * * * ?',NULL,1,NULL,'2019-11-08 14:24:35'),
(86,'测试1','testTask','run1','test','0/5 * * * * ?',NULL,1,1,'2019-11-08 14:24:40'),
(87,'测试1','testTask','run1','test','0/5 * * * * ?',NULL,1,NULL,'2019-11-08 14:24:45'),
(88,'测试1','testTask','run1','test','0/5 * * * * ?',NULL,1,NULL,'2019-11-08 14:24:50'),
(89,'测试1','testTask','run1','test','0/5 * * * * ?',NULL,1,NULL,'2019-11-08 14:24:55'),
(90,'测试1','testTask','run1','test','0/5 * * * * ?',NULL,1,NULL,'2019-11-08 14:25:00'),
(91,'测试1','testTask','run1','test','0/5 * * * * ?',NULL,1,NULL,'2019-11-08 14:25:05'),
(92,'测试1','testTask','run1','test','0/5 * * * * ?',NULL,1,NULL,'2019-11-08 14:25:10'),
(93,'测试1','testTask','run1','test','0/5 * * * * ?',NULL,1,NULL,'2019-11-08 14:25:15'),
(94,'测试1','testTask','run1','test','0/5 * * * * ?',NULL,1,NULL,'2019-11-08 14:25:20'),
(95,'测试1','testTask','run1','test','0/5 * * * * ?',NULL,1,NULL,'2019-11-08 14:25:25'),
(96,'测试1','testTask','run1','test','0/5 * * * * ?',NULL,1,NULL,'2019-11-08 14:25:30'),
(97,'测试1','testTask','run1','test','0/5 * * * * ?',NULL,1,1,'2019-11-08 14:25:35'),
(98,'测试1','testTask','run1','test','0/5 * * * * ?',NULL,1,NULL,'2019-11-08 14:25:40'),
(99,'测试1','testTask','run1','test','0/5 * * * * ?',NULL,1,NULL,'2019-11-08 14:25:45'),
(100,'测试1','testTask','run1','test','0/5 * * * * ?',NULL,1,NULL,'2019-11-08 14:25:50'),
(101,'测试1','testTask','run1','test','0/5 * * * * ?',NULL,1,NULL,'2019-11-08 14:25:55'),
(102,'测试1','testTask','run1','test','0/5 * * * * ?',NULL,1,1,'2019-11-08 14:26:00'),
(103,'测试1','testTask','run1','test','0/5 * * * * ?',NULL,1,NULL,'2019-11-08 14:26:05'),
(104,'测试1','testTask','run1','test','0/5 * * * * ?',NULL,1,NULL,'2019-11-08 14:26:10'),
(105,'测试1','testTask','run1','test','0/5 * * * * ?',NULL,1,NULL,'2019-11-08 14:26:15'),
(106,'测试1','testTask','run1','test','0/5 * * * * ?',NULL,1,72,'2019-11-08 14:26:20'),
(107,'测试1','testTask','run1','test','0/5 * * * * ?',NULL,1,NULL,'2019-11-08 14:26:25'),
(108,'测试1','testTask','run1','test','0/5 * * * * ?',NULL,1,NULL,'2019-11-08 14:26:30'),
(109,'测试1','testTask','run1','test','0/5 * * * * ?',NULL,1,NULL,'2019-11-08 14:26:35'),
(110,'测试1','testTask','run1','test','0/5 * * * * ?',NULL,1,NULL,'2019-11-08 14:26:40'),
(111,'测试1','testTask','run1','test','0/5 * * * * ?',NULL,1,NULL,'2019-11-08 14:26:45'),
(112,'测试1','testTask','run1','test','0/5 * * * * ?',NULL,1,1,'2019-11-08 14:26:50'),
(113,'测试1','testTask','run1','test','0/5 * * * * ?',NULL,1,NULL,'2019-11-08 14:26:55'),
(114,'测试1','testTask','run1','test','0/5 * * * * ?',NULL,1,NULL,'2019-11-08 14:27:00'),
(115,'测试1','testTask','run1','test','0/5 * * * * ?',NULL,1,1,'2019-11-08 14:27:05'),
(116,'测试1','testTask','run1','test','0/5 * * * * ?',NULL,1,NULL,'2019-11-08 14:27:10'),
(117,'测试1','testTask','run1','test','0/5 * * * * ?',NULL,1,NULL,'2019-11-08 14:27:15'),
(118,'测试1','testTask','run1','test','0/5 * * * * ?',NULL,1,NULL,'2019-11-08 14:27:20'),
(119,'测试1','testTask','run1','test','0/5 * * * * ?',NULL,1,NULL,'2019-11-08 14:27:25'),
(120,'测试1','testTask','run1','test','0/5 * * * * ?',NULL,1,NULL,'2019-11-08 14:27:30'),
(121,'测试1','testTask','run1','test','0/5 * * * * ?',NULL,1,NULL,'2019-11-08 14:27:35'),
(122,'测试1','testTask','run1','test','0/5 * * * * ?',NULL,1,NULL,'2019-11-08 14:27:40'),
(123,'测试1','testTask','run1','test','0/5 * * * * ?',NULL,1,1,'2019-11-08 14:27:45'),
(124,'测试1','testTask','run1','test','0/5 * * * * ?',NULL,1,NULL,'2019-11-08 14:27:50'),
(125,'测试1','testTask','run1','test','0/5 * * * * ?',NULL,1,NULL,'2019-11-08 14:27:55'),
(126,'测试1','testTask','run1','test','0/5 * * * * ?',NULL,1,NULL,'2019-11-08 14:28:00'),
(127,'测试1','testTask','run1','test','0/5 * * * * ?',NULL,1,NULL,'2019-11-08 14:28:05'),
(128,'测试1','testTask','run1','test','0/5 * * * * ?',NULL,1,1,'2019-11-08 14:28:10'),
(129,'测试1','testTask','run1','test','0/5 * * * * ?',NULL,1,NULL,'2019-11-08 14:28:15'),
(130,'测试1','testTask','run1','test','0/5 * * * * ?',NULL,1,NULL,'2019-11-08 14:28:20'),
(131,'测试1','testTask','run1','test','0/5 * * * * ?',NULL,1,NULL,'2019-11-08 14:28:25'),
(132,'测试1','testTask','run1','test','0/5 * * * * ?',NULL,1,NULL,'2019-11-08 14:28:30'),
(133,'测试1','testTask','run1','test','0/5 * * * * ?',NULL,1,1,'2019-11-08 14:28:35'),
(134,'测试1','testTask','run1','test','0/5 * * * * ?',NULL,1,NULL,'2019-11-08 14:28:40'),
(135,'测试1','testTask','run1','test','0/5 * * * * ?',NULL,1,NULL,'2019-11-08 14:28:45'),
(136,'测试1','testTask','run1','test','0/5 * * * * ?',NULL,1,1,'2019-11-08 14:28:50'),
(137,'测试1','testTask','run1','test','0/5 * * * * ?',NULL,1,NULL,'2019-11-08 14:28:55'),
(138,'测试1','testTask','run1','test','0/5 * * * * ?',NULL,1,NULL,'2019-11-08 14:29:00'),
(139,'测试1','testTask','run1','test','0/5 * * * * ?',NULL,1,NULL,'2019-11-08 14:29:05'),
(140,'测试1','testTask','run1','test','0/5 * * * * ?',NULL,1,NULL,'2019-11-08 14:29:10'),
(141,'测试1','testTask','run1','test','0/5 * * * * ?',NULL,1,NULL,'2019-11-08 14:29:15'),
(142,'测试1','testTask','run1','test','0/5 * * * * ?',NULL,1,NULL,'2019-11-08 14:29:20'),
(143,'测试1','testTask','run1','test','0/5 * * * * ?',NULL,1,1,'2019-11-08 14:29:25'),
(144,'测试1','testTask','run1','test','0/5 * * * * ?',NULL,1,NULL,'2019-11-08 14:29:30'),
(145,'测试1','testTask','run1','test','0/5 * * * * ?',NULL,1,1,'2019-11-08 14:29:35'),
(146,'测试1','testTask','run1','test','0/5 * * * * ?',NULL,1,NULL,'2019-11-08 14:29:40'),
(147,'测试1','testTask','run1','test','0/5 * * * * ?',NULL,1,NULL,'2019-11-08 14:29:45'),
(148,'测试1','testTask','run1','test','0/5 * * * * ?',NULL,1,NULL,'2019-11-08 14:29:50'),
(149,'测试1','testTask','run1','test','0/5 * * * * ?',NULL,1,NULL,'2019-11-08 14:29:55'),
(150,'测试1','testTask','run1','test','0/5 * * * * ?',NULL,1,NULL,'2019-11-08 14:30:00'),
(151,'测试1','testTask','run1','test','0/5 * * * * ?',NULL,1,1,'2019-11-08 14:30:05'),
(152,'测试1','testTask','run1','test','0/5 * * * * ?',NULL,1,1,'2019-11-08 14:30:10'),
(153,'测试1','testTask','run1','test','0/5 * * * * ?',NULL,1,2,'2019-11-08 14:30:15'),
(154,'测试1','testTask','run1','test','0/5 * * * * ?',NULL,1,NULL,'2019-11-08 14:30:20'),
(155,'测试1','testTask','run1','test','0/5 * * * * ?',NULL,1,NULL,'2019-11-08 14:30:25'),
(156,'测试1','testTask','run1','test','0/5 * * * * ?',NULL,1,NULL,'2019-11-08 14:30:30'),
(157,'测试1','testTask','run1','test','0/5 * * * * ?',NULL,1,NULL,'2019-11-08 14:30:35'),
(158,'测试1','testTask','run1','test','0/5 * * * * ?',NULL,1,NULL,'2019-11-08 14:30:40'),
(159,'测试1','testTask','run1','test','0/5 * * * * ?',NULL,1,NULL,'2019-11-08 14:30:45'),
(160,'测试1','testTask','run1','test','0/5 * * * * ?',NULL,1,NULL,'2019-11-08 14:30:50'),
(161,'测试1','testTask','run1','test','0/5 * * * * ?',NULL,1,NULL,'2019-11-08 14:30:55'),
(162,'测试1','testTask','run1','test','0/5 * * * * ?',NULL,1,NULL,'2019-11-08 14:31:00'),
(163,'测试1','testTask','run1','test','0/5 * * * * ?',NULL,1,NULL,'2019-11-08 14:31:05'),
(164,'测试1','testTask','run1','test','0/5 * * * * ?',NULL,1,NULL,'2019-11-08 14:31:10'),
(165,'测试1','testTask','run1','test','0/5 * * * * ?',NULL,1,NULL,'2019-11-08 14:31:15'),
(166,'测试1','testTask','run1','test','0/5 * * * * ?',NULL,1,1,'2019-11-08 14:31:20'),
(167,'测试1','testTask','run1','test','0/5 * * * * ?',NULL,1,NULL,'2019-11-08 14:31:25'),
(168,'测试1','testTask','run1','test','0/5 * * * * ?',NULL,1,1,'2019-11-08 14:31:30'),
(169,'测试1','testTask','run1','test','0/5 * * * * ?',NULL,1,NULL,'2019-11-08 14:31:35'),
(170,'测试1','testTask','run1','test','0/5 * * * * ?',NULL,1,NULL,'2019-11-08 14:31:40'),
(171,'测试1','testTask','run1','test','0/5 * * * * ?',NULL,1,NULL,'2019-11-08 14:31:45'),
(172,'测试1','testTask','run1','test','0/5 * * * * ?',NULL,1,NULL,'2019-11-08 14:31:50'),
(173,'测试1','testTask','run1','test','0/5 * * * * ?',NULL,1,3,'2019-11-08 15:12:35'),
(174,'测试1','testTask','run1','test','0/5 * * * * ?',NULL,1,2,'2019-11-08 15:12:40'),
(175,'测试1','testTask','run1','test','0/5 * * * * ?',NULL,1,1,'2019-11-08 15:12:45'),
(176,'测试1','testTask','run1','test','0/5 * * * * ?',NULL,1,1,'2019-11-08 15:12:50'),
(177,'测试1','testTask','run1','test','0/5 * * * * ?',NULL,1,1,'2019-11-08 15:12:55'),
(178,'测试1','testTask','run1','test','0/5 * * * * ?',NULL,1,7,'2019-11-08 15:13:00'),
(179,'测试1','testTask','run1','test','0/5 * * * * ?',NULL,1,2,'2019-11-08 15:13:05'),
(180,'测试1','testTask','run1','test','0/5 * * * * ?',NULL,1,1,'2019-11-08 15:13:10'),
(181,'测试1','testTask','run1','test','0/5 * * * * ?',NULL,1,1,'2019-11-08 15:13:15'),
(182,'测试1','testTask','run1','test','0/5 * * * * ?',NULL,1,1,'2019-11-08 15:13:20'),
(183,'测试1','testTask','run1','test','0/5 * * * * ?',NULL,1,2,'2019-11-08 15:13:25'),
(184,'测试1','testTask','run1','test','0/5 * * * * ?',NULL,1,2,'2019-11-08 15:13:30'),
(185,'测试1','testTask','run1','test','0/5 * * * * ?',NULL,1,1,'2019-11-08 15:13:35'),
(186,'测试1','testTask','run1','test','0/5 * * * * ?',NULL,1,2,'2019-11-08 15:13:40'),
(187,'测试1','testTask','run1','test','0/5 * * * * ?',NULL,1,1,'2019-11-08 15:13:45'),
(188,'测试1','testTask','run1','test','0/5 * * * * ?',NULL,1,1,'2019-11-08 15:13:50'),
(189,'测试1','testTask','run1','test','0/5 * * * * ?',NULL,1,1,'2019-11-08 15:13:55'),
(190,'测试1','testTask','run1','test','0/5 * * * * ?',NULL,1,6,'2019-11-08 15:14:00'),
(191,'测试1','testTask','run1','test','0/5 * * * * ?',NULL,1,1,'2019-11-08 15:14:05'),
(192,'测试1','testTask','run1','test','0/5 * * * * ?',NULL,1,2,'2019-11-08 15:14:10'),
(193,'测试1','testTask','run1','test','0/5 * * * * ?',NULL,1,1,'2019-11-08 15:14:15'),
(194,'测试1','testTask','run1','test','0/5 * * * * ?',NULL,1,2,'2019-11-08 15:14:20'),
(195,'测试1','testTask','run1','test','0/5 * * * * ?',NULL,1,1,'2019-11-08 15:14:25'),
(196,'测试1','testTask','run1','test','0/5 * * * * ?',NULL,1,2,'2019-11-08 15:14:30'),
(197,'测试1','testTask','run1','test','0/5 * * * * ?',NULL,1,1,'2019-11-08 15:14:35'),
(198,'测试1','testTask','run1','test','0/5 * * * * ?',NULL,1,1,'2019-11-08 15:14:40'),
(199,'测试1','testTask','run1','test','0/5 * * * * ?',NULL,1,1,'2019-11-08 15:14:45'),
(200,'测试1','testTask','run1','test','0/5 * * * * ?',NULL,1,1,'2019-11-08 15:14:50'),
(201,'测试1','testTask','run1','test','0/5 * * * * ?',NULL,1,269,'2019-11-08 15:14:55'),
(202,'测试1','testTask','run1','test','0/5 * * * * ?',NULL,1,7,'2019-11-08 15:15:00'),
(203,'测试1','testTask','run1','test','0/5 * * * * ?',NULL,1,1,'2019-11-08 15:15:05'),
(204,'测试1','testTask','run1','test','0/5 * * * * ?',NULL,1,1,'2019-11-08 15:15:10'),
(205,'测试1','testTask','run1','test','0/5 * * * * ?',NULL,1,12,'2019-11-08 15:15:15'),
(206,'测试1','testTask','run1','test','0/5 * * * * ?',NULL,1,8,'2019-11-08 15:15:20'),
(207,'测试1','testTask','run1','test','0/5 * * * * ?',NULL,1,1,'2019-11-08 15:15:25'),
(208,'测试1','testTask','run1','test','0/5 * * * * ?',NULL,1,18,'2019-11-08 15:15:30'),
(209,'测试1','testTask','run1','test','0/5 * * * * ?',NULL,1,1,'2019-11-08 15:15:35'),
(210,'测试1','testTask','run1','test','0/5 * * * * ?',NULL,1,1,'2019-11-08 15:15:40'),
(211,'测试1','testTask','run1','test','0/5 * * * * ?',NULL,1,2,'2019-11-08 15:15:45'),
(212,'测试1','testTask','run1','test','0/5 * * * * ?',NULL,1,10,'2019-11-08 15:15:50'),
(213,'测试1','testTask','run1','test','0/5 * * * * ?',NULL,1,1,'2019-11-08 15:15:55'),
(214,'测试1','testTask','run1','test','0/5 * * * * ?',NULL,1,4,'2019-11-08 15:16:00'),
(215,'测试1','testTask','run1','test','0/5 * * * * ?',NULL,1,1,'2019-11-08 15:16:05'),
(216,'测试1','testTask','run1','test','0/5 * * * * ?',NULL,1,1,'2019-11-08 15:16:10'),
(217,'测试1','testTask','run1','test','0/5 * * * * ?',NULL,1,1,'2019-11-08 15:16:15'),
(218,'测试1','testTask','run1','test','0/5 * * * * ?',NULL,1,1,'2019-11-08 15:16:20'),
(219,'测试1','testTask','run1','test','0/5 * * * * ?',NULL,1,1,'2019-11-08 15:16:25'),
(220,'测试1','testTask','run1','test','0/5 * * * * ?',NULL,1,1,'2019-11-08 15:16:30'),
(221,'测试1','testTask','run1','test','0/5 * * * * ?',NULL,1,1,'2019-11-08 15:16:35'),
(222,'测试1','testTask','run1','test','0/5 * * * * ?',NULL,1,1,'2019-11-08 15:16:40'),
(223,'测试1','testTask','run1','test','0/5 * * * * ?',NULL,1,1,'2019-11-08 15:16:45'),
(224,'测试1','testTask','run1','test','0/5 * * * * ?',NULL,1,NULL,'2019-11-08 15:16:50'),
(225,'测试1','testTask','run1','test','0/5 * * * * ?',NULL,1,NULL,'2019-11-08 15:16:55'),
(226,'测试1','testTask','run1','test','0/5 * * * * ?',NULL,1,NULL,'2019-11-08 15:17:00'),
(227,'测试1','testTask','run1','test','0/5 * * * * ?',NULL,1,1,'2019-11-08 15:17:05'),
(228,'测试1','testTask','run1','test','0/5 * * * * ?',NULL,1,NULL,'2019-11-08 15:17:10'),
(229,'测试1','testTask','run1','test','0/5 * * * * ?',NULL,1,NULL,'2019-11-08 15:17:15'),
(230,'测试1','testTask','run1','test','0/5 * * * * ?',NULL,1,NULL,'2019-11-08 15:17:20'),
(231,'测试1','testTask','run1','test','0/5 * * * * ?',NULL,1,NULL,'2019-11-08 15:17:25'),
(232,'测试1','testTask','run1','test','0/5 * * * * ?',NULL,1,1,'2019-11-08 15:17:30'),
(233,'测试1','testTask','run1','test','0/5 * * * * ?',NULL,1,NULL,'2019-11-08 15:17:35'),
(234,'测试1','testTask','run1','test','0/5 * * * * ?',NULL,1,1,'2019-11-08 15:17:40'),
(235,'测试1','testTask','run1','test','0/5 * * * * ?',NULL,1,NULL,'2019-11-08 15:17:45'),
(236,'测试1','testTask','run1','test','0/5 * * * * ?',NULL,1,NULL,'2019-11-08 15:17:50'),
(237,'测试1','testTask','run1','test','0/5 * * * * ?',NULL,1,1,'2019-11-08 15:17:55'),
(238,'测试1','testTask','run1','test','0/5 * * * * ?',NULL,1,NULL,'2019-11-08 15:18:00'),
(239,'测试1','testTask','run1','test','0/5 * * * * ?',NULL,1,1,'2019-11-08 15:18:05'),
(240,'测试1','testTask','run1','test','0/5 * * * * ?',NULL,1,NULL,'2019-11-08 15:18:10'),
(241,'测试1','testTask','run1','test','0/5 * * * * ?',NULL,1,NULL,'2019-11-08 15:18:15'),
(242,'测试1','testTask','run1','test','0/5 * * * * ?',NULL,1,NULL,'2019-11-08 15:18:20'),
(243,'测试1','testTask','run1','test','0/5 * * * * ?',NULL,1,NULL,'2019-11-08 15:18:25'),
(244,'测试1','testTask','run1','test','0/5 * * * * ?',NULL,1,1,'2019-11-08 15:18:30'),
(245,'测试1','testTask','run1','test','0/5 * * * * ?',NULL,1,NULL,'2019-11-08 15:18:35'),
(246,'测试1','testTask','run1','test','0/5 * * * * ?',NULL,1,NULL,'2019-11-08 15:18:40'),
(247,'测试1','testTask','run1','test','0/5 * * * * ?',NULL,1,1,'2019-11-08 15:18:45'),
(248,'测试1','testTask','run1','test','0/5 * * * * ?',NULL,1,NULL,'2019-11-08 15:18:50'),
(249,'测试1','testTask','run1','test','0/5 * * * * ?',NULL,1,1,'2019-11-08 15:18:55'),
(250,'测试1','testTask','run1','test','0/5 * * * * ?',NULL,1,NULL,'2019-11-08 15:19:00'),
(251,'测试1','testTask','run1','test','0/5 * * * * ?',NULL,1,1,'2019-11-08 15:19:05'),
(252,'测试1','testTask','run1','test','0/5 * * * * ?',NULL,1,NULL,'2019-11-08 15:19:10'),
(253,'测试1','testTask','run1','test','0/5 * * * * ?',NULL,1,1,'2019-11-08 15:19:15'),
(254,'测试1','testTask','run1','test','0/5 * * * * ?',NULL,1,1,'2019-11-08 15:19:20'),
(255,'测试1','testTask','run1','test','0/5 * * * * ?',NULL,1,1,'2019-11-08 15:19:25'),
(256,'测试1','testTask','run1','test','0/5 * * * * ?',NULL,1,NULL,'2019-11-08 15:19:30'),
(257,'测试1','testTask','run1','test','0/5 * * * * ?',NULL,1,NULL,'2019-11-08 15:19:35'),
(258,'测试1','testTask','run1','test','0/5 * * * * ?',NULL,1,NULL,'2019-11-08 15:19:40'),
(259,'测试1','testTask','run1','test','0/5 * * * * ?',NULL,1,NULL,'2019-11-08 15:19:45'),
(260,'测试1','testTask','run1','test','0/5 * * * * ?',NULL,1,NULL,'2019-11-08 15:19:50'),
(261,'测试1','testTask','run1','test','0/5 * * * * ?',NULL,1,1,'2019-11-08 15:19:55'),
(262,'测试1','testTask','run1','test','0/5 * * * * ?',NULL,1,1,'2019-11-08 15:20:00'),
(263,'测试1','testTask','run1','test','0/5 * * * * ?',NULL,1,1,'2019-11-08 15:20:05'),
(264,'测试1','testTask','run1','test','0/5 * * * * ?',NULL,1,NULL,'2019-11-08 15:20:10'),
(265,'测试1','testTask','run1','test','0/5 * * * * ?',NULL,1,1,'2019-11-08 15:20:15'),
(266,'测试1','testTask','run1','test','0/5 * * * * ?',NULL,1,1,'2019-11-08 15:20:20'),
(267,'测试1','testTask','run1','test','0/5 * * * * ?',NULL,1,NULL,'2019-11-08 15:20:25'),
(268,'测试1','testTask','run1','test','0/5 * * * * ?',NULL,1,NULL,'2019-11-08 15:20:30'),
(269,'测试1','testTask','run1','test','0/5 * * * * ?',NULL,1,1,'2019-11-08 15:20:35'),
(270,'测试1','testTask','run1','test','0/5 * * * * ?',NULL,1,NULL,'2019-11-08 15:20:40'),
(271,'测试1','testTask','run1','test','0/5 * * * * ?',NULL,1,NULL,'2019-11-08 15:20:45'),
(272,'测试1','testTask','run1','test','0/5 * * * * ?',NULL,1,NULL,'2019-11-08 15:20:50'),
(273,'测试1','testTask','run1','test','0/5 * * * * ?',NULL,1,NULL,'2019-11-08 15:20:55'),
(274,'测试1','testTask','run1','test','0/5 * * * * ?',NULL,1,NULL,'2019-11-08 15:21:00'),
(275,'测试1','testTask','run1','test','0/5 * * * * ?',NULL,1,1,'2019-11-08 15:21:05'),
(276,'测试1','testTask','run1','test','0/5 * * * * ?',NULL,1,1,'2019-11-08 15:21:10'),
(277,'测试1','testTask','run1','test','0/5 * * * * ?',NULL,1,NULL,'2019-11-08 15:21:15'),
(278,'测试1','testTask','run1','test','0/5 * * * * ?',NULL,1,NULL,'2019-11-08 15:21:20'),
(279,'测试1','testTask','run1','test','0/5 * * * * ?',NULL,1,1,'2019-11-08 15:21:25'),
(280,'测试1','testTask','run1','test','0/5 * * * * ?',NULL,1,NULL,'2019-11-08 15:21:30'),
(281,'测试1','testTask','run1','test','0/5 * * * * ?',NULL,1,NULL,'2019-11-08 15:21:35'),
(282,'测试1','testTask','run1','test','0/5 * * * * ?',NULL,1,NULL,'2019-11-08 15:21:40'),
(283,'测试1','testTask','run1','test','0/5 * * * * ?',NULL,1,NULL,'2019-11-08 15:21:45'),
(284,'测试1','testTask','run1','test','0/5 * * * * ?',NULL,1,1,'2019-11-08 15:21:50'),
(285,'测试1','testTask','run1','test','0/5 * * * * ?',NULL,1,60,'2019-11-08 15:21:55'),
(286,'测试1','testTask','run1','test','0/5 * * * * ?',NULL,1,NULL,'2019-11-08 15:22:00'),
(287,'测试1','testTask','run1','test','0/5 * * * * ?',NULL,1,NULL,'2019-11-08 15:22:05'),
(288,'测试1','testTask','run1','test','0/5 * * * * ?',NULL,1,NULL,'2019-11-08 15:22:10'),
(289,'测试1','testTask','run1','test','0/5 * * * * ?',NULL,1,NULL,'2019-11-08 15:22:15'),
(290,'测试1','testTask','run1','test','0/5 * * * * ?',NULL,1,NULL,'2019-11-08 15:22:20'),
(291,'测试1','testTask','run1','test','0/5 * * * * ?',NULL,1,NULL,'2019-11-08 15:22:25'),
(292,'测试1','testTask','run1','test','0/5 * * * * ?',NULL,1,NULL,'2019-11-08 15:22:30'),
(293,'测试1','testTask','run1','test','0/5 * * * * ?',NULL,1,NULL,'2019-11-08 15:22:35'),
(294,'测试1','testTask','run1','test','0/5 * * * * ?',NULL,1,NULL,'2019-11-08 15:22:40'),
(295,'测试1','testTask','run1','test','0/5 * * * * ?',NULL,1,1,'2019-11-08 15:22:45'),
(296,'测试1','testTask','run1','test','0/5 * * * * ?',NULL,1,NULL,'2019-11-08 15:22:50'),
(297,'测试1','testTask','run1','test','0/5 * * * * ?',NULL,1,NULL,'2019-11-08 15:22:55'),
(298,'测试1','testTask','run1','test','0/5 * * * * ?',NULL,1,1,'2019-11-08 15:23:00'),
(299,'测试1','testTask','run1','test','0/5 * * * * ?',NULL,1,1,'2019-11-08 15:23:05'),
(300,'测试1','testTask','run1','test','0/5 * * * * ?',NULL,1,NULL,'2019-11-08 15:23:10'),
(301,'测试1','testTask','run1','test','0/5 * * * * ?',NULL,1,1,'2019-11-08 15:23:15'),
(302,'测试1','testTask','run1','test','0/5 * * * * ?',NULL,1,NULL,'2019-11-08 15:23:20'),
(303,'测试1','testTask','run1','test','0/5 * * * * ?',NULL,1,1,'2019-11-08 15:23:25'),
(304,'测试1','testTask','run1','test','0/5 * * * * ?',NULL,1,NULL,'2019-11-08 15:23:30'),
(305,'测试1','testTask','run1','test','0/5 * * * * ?',NULL,1,NULL,'2019-11-08 15:23:35'),
(306,'测试1','testTask','run1','test','0/5 * * * * ?',NULL,1,1,'2019-11-08 15:23:40'),
(307,'测试1','testTask','run1','test','0/5 * * * * ?',NULL,1,NULL,'2019-11-08 15:23:45'),
(308,'测试1','testTask','run1','test','0/5 * * * * ?',NULL,1,NULL,'2019-11-08 15:23:50'),
(309,'测试1','testTask','run1','test','0/5 * * * * ?',NULL,1,1,'2019-11-08 15:23:55'),
(310,'测试1','testTask','run1','test','0/5 * * * * ?',NULL,1,NULL,'2019-11-08 15:24:00'),
(311,'测试1','testTask','run1','test','0/5 * * * * ?',NULL,1,1,'2019-11-08 15:24:05'),
(312,'测试1','testTask','run1','test','0/5 * * * * ?',NULL,1,NULL,'2019-11-08 15:24:10'),
(313,'测试1','testTask','run1','test','0/5 * * * * ?',NULL,1,NULL,'2019-11-08 15:24:15'),
(314,'测试1','testTask','run1','test','0/5 * * * * ?',NULL,1,NULL,'2019-11-08 15:24:20'),
(315,'测试1','testTask','run1','test','0/5 * * * * ?',NULL,1,1,'2019-11-08 15:24:25'),
(316,'测试1','testTask','run1','test','0/5 * * * * ?',NULL,1,NULL,'2019-11-08 15:24:30'),
(317,'测试1','testTask','run1','test','0/5 * * * * ?',NULL,1,NULL,'2019-11-08 15:24:35'),
(318,'测试1','testTask','run1','test','0/5 * * * * ?',NULL,1,NULL,'2019-11-08 15:24:40'),
(319,'测试1','testTask','run1','test','0/5 * * * * ?',NULL,1,1,'2019-11-08 15:24:45'),
(320,'测试1','testTask','run1','test','0/5 * * * * ?',NULL,1,NULL,'2019-11-08 15:24:50'),
(321,'测试1','testTask','run1','test','0/5 * * * * ?',NULL,1,NULL,'2019-11-08 15:24:55'),
(322,'测试1','testTask','run1','test','0/5 * * * * ?',NULL,1,NULL,'2019-11-08 15:25:00'),
(323,'测试1','testTask','run1','test','0/5 * * * * ?',NULL,1,NULL,'2019-11-08 15:25:05'),
(324,'测试1','testTask','run1','test','0/5 * * * * ?',NULL,1,NULL,'2019-11-08 15:25:10'),
(325,'测试1','testTask','run1','test','0/5 * * * * ?',NULL,1,NULL,'2019-11-08 15:25:15'),
(326,'测试1','testTask','run1','test','0/5 * * * * ?',NULL,1,NULL,'2019-11-08 15:25:20'),
(327,'测试1','testTask','run1','test','0/5 * * * * ?',NULL,1,1,'2019-11-08 15:25:25'),
(328,'测试1','testTask','run1','test','0/5 * * * * ?',NULL,1,NULL,'2019-11-08 15:25:30'),
(329,'测试1','testTask','run1','test','0/5 * * * * ?',NULL,1,NULL,'2019-11-08 15:25:35'),
(330,'测试1','testTask','run1','test','0/5 * * * * ?',NULL,1,NULL,'2019-11-08 15:25:40'),
(331,'测试1','testTask','run1','test','0/5 * * * * ?',NULL,1,2,'2019-11-08 15:25:45'),
(332,'测试1','testTask','run1','test','0/5 * * * * ?',NULL,1,1,'2019-11-08 15:25:50'),
(333,'测试1','testTask','run1','test','0/5 * * * * ?',NULL,1,1,'2019-11-08 15:25:55'),
(334,'测试1','testTask','run1','test','0/5 * * * * ?',NULL,1,1,'2019-11-08 15:26:00'),
(335,'测试1','testTask','run1','test','0/5 * * * * ?',NULL,1,1,'2019-11-08 15:26:05'),
(336,'测试1','testTask','run1','test','0/5 * * * * ?',NULL,1,NULL,'2019-11-08 15:26:10'),
(337,'测试1','testTask','run1','test','0/5 * * * * ?',NULL,1,NULL,'2019-11-08 15:26:15'),
(338,'测试1','testTask','run1','test','0/5 * * * * ?',NULL,1,1,'2019-11-08 15:26:20'),
(339,'测试1','testTask','run1','test','0/5 * * * * ?',NULL,1,72,'2019-11-08 15:26:25'),
(340,'测试1','testTask','run1','test','0/5 * * * * ?',NULL,1,NULL,'2019-11-08 15:26:30'),
(341,'测试1','testTask','run1','test','0/5 * * * * ?',NULL,1,NULL,'2019-11-08 15:26:35'),
(342,'测试1','testTask','run1','test','0/5 * * * * ?',NULL,1,NULL,'2019-11-08 15:26:40'),
(343,'测试1','testTask','run1','test','0/5 * * * * ?',NULL,1,NULL,'2019-11-08 15:26:45'),
(344,'测试1','testTask','run1','test','0/5 * * * * ?',NULL,1,2,'2019-11-08 15:26:50'),
(345,'测试1','testTask','run1','test','0/5 * * * * ?',NULL,1,NULL,'2019-11-08 15:26:55'),
(346,'测试1','testTask','run1','test','0/5 * * * * ?',NULL,1,NULL,'2019-11-08 15:27:00'),
(347,'测试1','testTask','run1','test','0/5 * * * * ?',NULL,1,NULL,'2019-11-08 15:27:05'),
(348,'测试1','testTask','run1','test','0/5 * * * * ?',NULL,1,NULL,'2019-11-08 15:27:10'),
(349,'测试1','testTask','run1','test','0/5 * * * * ?',NULL,1,NULL,'2019-11-08 15:27:15'),
(350,'测试1','testTask','run1','test','0/5 * * * * ?',NULL,1,NULL,'2019-11-08 15:27:20'),
(351,'测试1','testTask','run1','test','0/5 * * * * ?',NULL,1,NULL,'2019-11-08 15:27:25'),
(352,'测试1','testTask','run1','test','0/5 * * * * ?',NULL,1,NULL,'2019-11-08 15:27:30'),
(353,'测试1','testTask','run1','test','0/5 * * * * ?',NULL,1,NULL,'2019-11-08 15:27:35'),
(354,'测试1','testTask','run1','test','0/5 * * * * ?',NULL,1,NULL,'2019-11-08 15:27:40'),
(355,'测试1','testTask','run1','test','0/5 * * * * ?',NULL,1,NULL,'2019-11-08 15:27:45'),
(356,'测试1','testTask','run1','test','0/5 * * * * ?',NULL,1,NULL,'2019-11-08 15:27:50'),
(357,'测试1','testTask','run1','test','0/5 * * * * ?',NULL,1,NULL,'2019-11-08 15:27:55'),
(358,'测试1','testTask','run1','test','0/5 * * * * ?',NULL,1,NULL,'2019-11-08 15:28:00'),
(359,'测试1','testTask','run1','test','0/5 * * * * ?',NULL,1,1,'2019-11-08 15:28:05'),
(360,'测试1','testTask','run1','test','0/5 * * * * ?',NULL,1,1,'2019-11-08 15:28:10'),
(361,'测试1','testTask','run1','test','0/5 * * * * ?',NULL,1,NULL,'2019-11-08 15:28:15'),
(362,'测试1','testTask','run1','test','0/5 * * * * ?',NULL,1,NULL,'2019-11-08 15:28:20'),
(363,'测试1','testTask','run1','test','0/5 * * * * ?',NULL,1,NULL,'2019-11-08 15:28:25'),
(364,'测试1','testTask','run1','test','0/5 * * * * ?',NULL,1,NULL,'2019-11-08 15:28:30'),
(365,'测试1','testTask','run1','test','0/5 * * * * ?',NULL,1,NULL,'2019-11-08 15:28:35'),
(366,'测试1','testTask','run1','test','0/5 * * * * ?',NULL,1,NULL,'2019-11-08 15:28:40'),
(367,'测试1','testTask','run1','test','0/5 * * * * ?',NULL,1,NULL,'2019-11-08 15:28:45'),
(368,'测试1','testTask','run1','test','0/5 * * * * ?',NULL,1,NULL,'2019-11-08 15:28:50'),
(369,'测试1','testTask','run1','test','0/5 * * * * ?',NULL,1,NULL,'2019-11-08 15:28:55'),
(370,'测试1','testTask','run1','test','0/5 * * * * ?',NULL,1,NULL,'2019-11-08 15:29:00'),
(371,'测试1','testTask','run1','test','0/5 * * * * ?',NULL,1,1,'2019-11-08 15:29:05'),
(372,'测试1','testTask','run1','test','0/5 * * * * ?',NULL,1,NULL,'2019-11-08 15:29:10'),
(373,'测试1','testTask','run1','test','0/5 * * * * ?',NULL,1,1,'2019-11-08 15:29:15'),
(374,'测试1','testTask','run1','test','0/5 * * * * ?',NULL,1,NULL,'2019-11-08 15:29:20'),
(375,'测试1','testTask','run1','test','0/5 * * * * ?',NULL,1,NULL,'2019-11-08 15:29:25'),
(376,'测试1','testTask','run1','test','0/5 * * * * ?',NULL,1,NULL,'2019-11-08 15:29:30'),
(377,'测试1','testTask','run1','test','0/5 * * * * ?',NULL,1,1,'2019-11-08 15:29:35'),
(378,'测试1','testTask','run1','test','0/5 * * * * ?',NULL,1,1,'2019-11-08 15:29:40'),
(379,'测试1','testTask','run1','test','0/5 * * * * ?',NULL,1,1,'2019-11-08 15:29:45'),
(380,'测试1','testTask','run1','test','0/5 * * * * ?',NULL,1,NULL,'2019-11-08 15:29:50'),
(381,'测试1','testTask','run1','test','0/5 * * * * ?',NULL,1,1,'2019-11-08 15:29:55'),
(382,'测试1','testTask','run1','test','0/5 * * * * ?',NULL,1,NULL,'2019-11-08 15:30:00'),
(383,'测试1','testTask','run1','test','0/5 * * * * ?',NULL,1,1,'2019-11-08 15:30:05'),
(384,'测试1','testTask','run1','test','0/5 * * * * ?',NULL,1,NULL,'2019-11-08 15:30:10'),
(385,'测试1','testTask','run1','test','0/5 * * * * ?',NULL,1,1,'2019-11-08 15:30:15'),
(386,'测试1','testTask','run1','test','0/5 * * * * ?',NULL,1,NULL,'2019-11-08 15:30:20'),
(387,'测试1','testTask','run1','test','0/5 * * * * ?',NULL,1,NULL,'2019-11-08 15:30:25'),
(388,'测试1','testTask','run1','test','0/5 * * * * ?',NULL,1,NULL,'2019-11-08 15:30:30'),
(389,'测试1','testTask','run1','test','0/5 * * * * ?',NULL,1,NULL,'2019-11-08 15:30:35'),
(390,'测试1','testTask','run1','test','0/5 * * * * ?',NULL,1,NULL,'2019-11-08 15:30:40'),
(391,'测试1','testTask','run1','test','0/5 * * * * ?',NULL,1,NULL,'2019-11-08 15:30:45'),
(392,'测试1','testTask','run1','test','0/5 * * * * ?',NULL,1,NULL,'2019-11-08 15:30:50'),
(393,'测试1','testTask','run1','test','0/5 * * * * ?',NULL,1,NULL,'2019-11-08 15:30:55'),
(394,'测试1','testTask','run1','test','0/5 * * * * ?',NULL,1,NULL,'2019-11-08 15:31:00'),
(395,'测试1','testTask','run1','test','0/5 * * * * ?',NULL,1,NULL,'2019-11-08 15:31:05'),
(396,'测试1','testTask','run1','test','0/5 * * * * ?',NULL,1,1,'2019-11-08 15:31:10'),
(397,'测试1','testTask','run1','test','0/5 * * * * ?',NULL,1,NULL,'2019-11-08 15:31:15'),
(398,'测试1','testTask','run1','test','0/5 * * * * ?',NULL,1,1,'2019-11-08 15:31:20'),
(399,'测试1','testTask','run1','test','0/5 * * * * ?',NULL,1,NULL,'2019-11-08 15:31:25'),
(400,'测试1','testTask','run1','test','0/5 * * * * ?',NULL,1,NULL,'2019-11-08 15:31:30'),
(401,'测试1','testTask','run1','test','0/5 * * * * ?',NULL,1,NULL,'2019-11-08 15:31:35'),
(402,'测试1','testTask','run1','test','0/5 * * * * ?',NULL,1,NULL,'2019-11-08 15:31:40'),
(403,'测试1','testTask','run1','test','0/5 * * * * ?',NULL,1,NULL,'2019-11-08 15:31:45'),
(404,'测试1','testTask','run1','test','0/5 * * * * ?',NULL,1,NULL,'2019-11-08 15:31:50'),
(405,'测试1','testTask','run1','test','0/5 * * * * ?',NULL,1,NULL,'2019-11-08 15:31:55'),
(406,'测试1','testTask','run1','test','0/5 * * * * ?',NULL,1,1,'2019-11-08 15:32:00'),
(407,'测试1','testTask','run1','test','0/5 * * * * ?',NULL,1,NULL,'2019-11-08 15:32:05'),
(408,'测试1','testTask','run1','test','0/5 * * * * ?',NULL,1,NULL,'2019-11-08 15:32:10'),
(409,'测试1','testTask','run1','test','0/5 * * * * ?',NULL,1,1,'2019-11-08 15:32:15'),
(410,'测试1','testTask','run1','test','0/5 * * * * ?',NULL,1,1,'2019-11-08 15:32:20'),
(411,'测试1','testTask','run1','test','0/5 * * * * ?',NULL,1,NULL,'2019-11-08 15:32:25'),
(412,'测试1','testTask','run1','test','0/5 * * * * ?',NULL,1,1,'2019-11-08 15:32:30'),
(413,'测试1','testTask','run1','test','0/5 * * * * ?',NULL,1,NULL,'2019-11-08 15:32:35'),
(414,'测试1','testTask','run1','test','0/5 * * * * ?',NULL,1,NULL,'2019-11-08 15:32:40'),
(415,'测试1','testTask','run1','test','0/5 * * * * ?',NULL,1,NULL,'2019-11-08 15:32:45'),
(416,'测试1','testTask','run1','test','0/5 * * * * ?',NULL,1,NULL,'2019-11-08 15:32:50'),
(417,'测试1','testTask','run1','test','0/5 * * * * ?',NULL,1,1,'2019-11-08 15:32:55'),
(418,'测试1','testTask','run1','test','0/5 * * * * ?',NULL,1,NULL,'2019-11-08 15:33:00'),
(419,'测试1','testTask','run1','test','0/5 * * * * ?',NULL,1,1,'2019-11-08 15:33:05'),
(420,'测试1','testTask','run1','test','0/5 * * * * ?',NULL,1,NULL,'2019-11-08 15:33:10'),
(421,'测试1','testTask','run1','test','0/5 * * * * ?',NULL,1,3,'2019-11-08 15:33:30'),
(422,'测试1','testTask','run1','test','0/5 * * * * ?',NULL,1,NULL,'2019-11-08 15:33:35'),
(423,'测试1','testTask','run1','test','0/5 * * * * ?',NULL,1,1,'2019-11-08 15:33:40'),
(424,'测试1','testTask','run1','test','0/5 * * * * ?',NULL,1,6,'2019-11-08 15:33:45'),
(425,'测试1','testTask','run1','test','0/5 * * * * ?',NULL,1,2,'2019-11-08 15:33:50'),
(426,'测试1','testTask','run1','test','0/5 * * * * ?',NULL,1,1,'2019-11-08 15:33:55'),
(427,'测试1','testTask','run1','test','0/5 * * * * ?',NULL,1,7,'2019-11-08 15:34:00'),
(428,'测试1','testTask','run1','test','0/5 * * * * ?',NULL,1,1,'2019-11-08 15:34:05'),
(429,'测试1','testTask','run1','test','0/5 * * * * ?',NULL,1,14,'2019-11-08 15:34:10'),
(430,'测试1','testTask','run1','test','0/5 * * * * ?',NULL,1,NULL,'2019-11-08 15:34:15'),
(431,'测试1','testTask','run1','test','0/5 * * * * ?',NULL,1,1,'2019-11-08 15:34:20'),
(432,'测试1','testTask','run1','test','0/5 * * * * ?',NULL,1,1,'2019-11-08 15:34:25'),
(433,'测试1','testTask','run1','test','0/5 * * * * ?',NULL,1,1,'2019-11-08 15:34:30'),
(434,'测试1','testTask','run1','test','0/5 * * * * ?',NULL,1,1,'2019-11-08 15:34:35'),
(435,'测试1','testTask','run1','test','0/5 * * * * ?',NULL,1,4,'2019-11-08 15:34:40'),
(436,'测试1','testTask','run1','test','0/5 * * * * ?',NULL,1,20,'2019-11-08 15:34:45'),
(437,'测试1','testTask','run1','test','0/5 * * * * ?',NULL,1,2,'2019-11-08 15:34:50'),
(438,'测试1','testTask','run1','test','0/5 * * * * ?',NULL,1,1,'2019-11-08 15:34:55'),
(439,'测试1','testTask','run1','test','0/5 * * * * ?',NULL,1,5,'2019-11-08 15:35:00'),
(440,'测试1','testTask','run1','test','0/5 * * * * ?',NULL,1,2,'2019-11-08 15:35:05'),
(441,'测试1','testTask','run1','test','0/5 * * * * ?',NULL,1,3,'2019-11-08 15:35:10'),
(442,'测试1','testTask','run1','test','0/5 * * * * ?',NULL,1,1,'2019-11-08 15:35:15'),
(443,'测试1','testTask','run1','test','0/5 * * * * ?',NULL,1,1,'2019-11-08 15:35:20'),
(444,'测试1','testTask','run1','test','0/5 * * * * ?',NULL,1,1,'2019-11-08 15:35:25'),
(445,'测试1','testTask','run1','test','0/5 * * * * ?',NULL,1,1,'2019-11-08 15:35:30'),
(446,'测试1','testTask','run1','test','0/5 * * * * ?',NULL,1,1,'2019-11-08 15:35:35'),
(447,'测试1','testTask','run1','test','0/5 * * * * ?',NULL,1,1,'2019-11-08 15:35:40'),
(448,'测试1','testTask','run1','test','0/5 * * * * ?',NULL,1,1,'2019-11-08 15:35:45'),
(449,'测试1','testTask','run1','test','0/5 * * * * ?',NULL,1,8,'2019-11-08 15:35:50'),
(450,'测试1','testTask','run1','test','0/5 * * * * ?',NULL,1,1,'2019-11-08 15:35:55'),
(451,'测试1','testTask','run1','test','0/5 * * * * ?',NULL,1,10,'2019-11-08 15:36:00'),
(452,'测试1','testTask','run1','test','0/5 * * * * ?',NULL,1,1,'2019-11-08 15:36:05'),
(453,'测试1','testTask','run1','test','0/5 * * * * ?',NULL,1,1,'2019-11-08 15:36:10'),
(454,'测试1','testTask','run1','test','0/5 * * * * ?',NULL,1,1,'2019-11-08 15:36:15'),
(455,'测试1','testTask','run1','test','0/5 * * * * ?',NULL,1,1,'2019-11-08 15:36:20'),
(456,'测试1','testTask','run1','test','0/5 * * * * ?',NULL,1,1,'2019-11-08 15:36:25'),
(457,'测试1','testTask','run1','test','0/5 * * * * ?',NULL,1,1,'2019-11-08 15:36:30'),
(458,'测试1','testTask','run1','test','0/5 * * * * ?',NULL,1,1,'2019-11-08 15:36:35'),
(459,'测试1','testTask','run1','test','0/5 * * * * ?',NULL,1,2,'2019-11-08 15:36:40'),
(460,'测试1','testTask','run1','test','0/5 * * * * ?',NULL,1,1,'2019-11-08 15:36:45'),
(461,'测试1','testTask','run1','test','0/5 * * * * ?',NULL,1,1,'2019-11-08 15:36:50'),
(462,'测试1','testTask','run1','test','0/5 * * * * ?',NULL,1,1,'2019-11-08 15:36:55'),
(463,'测试1','testTask','run1','test','0/5 * * * * ?',NULL,1,4,'2019-11-08 15:37:00'),
(464,'测试1','testTask','run1','test','0/5 * * * * ?',NULL,1,1,'2019-11-08 15:37:05'),
(465,'测试1','testTask','run1','test','0/5 * * * * ?',NULL,1,1,'2019-11-08 15:37:10'),
(466,'测试1','testTask','run1','test','0/5 * * * * ?',NULL,1,1,'2019-11-08 15:37:15'),
(467,'测试1','testTask','run1','test','0/5 * * * * ?',NULL,1,2,'2019-11-08 15:37:20'),
(468,'测试1','testTask','run1','test','0/5 * * * * ?',NULL,1,1,'2019-11-08 15:37:25'),
(469,'测试1','testTask','run1','test','0/5 * * * * ?',NULL,1,2,'2019-11-08 15:37:30'),
(470,'测试1','testTask','run1','test','0/5 * * * * ?',NULL,1,1,'2019-11-08 15:37:35'),
(471,'测试1','testTask','run1','test','0/5 * * * * ?',NULL,1,1,'2019-11-08 15:37:40'),
(472,'测试1','testTask','run1','test','0/5 * * * * ?',NULL,1,NULL,'2019-11-08 15:37:45'),
(473,'测试1','testTask','run1','test','0/5 * * * * ?',NULL,1,NULL,'2019-11-08 15:37:50'),
(474,'测试1','testTask','run1','test','0/5 * * * * ?',NULL,1,NULL,'2019-11-08 15:37:55'),
(475,'测试1','testTask','run1','test','0/5 * * * * ?',NULL,1,NULL,'2019-11-08 15:38:00'),
(476,'测试1','testTask','run1','test','0/5 * * * * ?',NULL,1,NULL,'2019-11-08 15:38:05'),
(477,'测试1','testTask','run1','test','0/5 * * * * ?',NULL,1,NULL,'2019-11-08 15:38:10'),
(478,'测试1','testTask','run1','test','0/5 * * * * ?',NULL,1,NULL,'2019-11-08 15:38:15'),
(479,'测试1','testTask','run1','test','0/5 * * * * ?',NULL,1,1,'2019-11-08 15:38:20'),
(480,'测试1','testTask','run1','test','0/5 * * * * ?',NULL,1,NULL,'2019-11-08 15:38:25'),
(481,'测试1','testTask','run1','test','0/5 * * * * ?',NULL,1,1,'2019-11-08 15:38:30'),
(482,'测试1','testTask','run1','test','0/5 * * * * ?',NULL,1,1,'2019-11-08 15:38:35'),
(483,'测试1','testTask','run1','test','0/5 * * * * ?',NULL,1,NULL,'2019-11-08 15:38:40'),
(484,'测试1','testTask','run1','test','0/5 * * * * ?',NULL,1,1,'2019-11-08 15:38:45'),
(485,'测试1','testTask','run1','test','0/5 * * * * ?',NULL,1,NULL,'2019-11-08 15:38:50'),
(486,'测试1','testTask','run1','test','0/5 * * * * ?',NULL,1,NULL,'2019-11-08 15:38:55'),
(487,'测试1','testTask','run1','test','0/5 * * * * ?',NULL,1,1,'2019-11-08 15:39:00'),
(488,'测试1','testTask','run1','test','0/5 * * * * ?',NULL,1,1,'2019-11-08 15:39:05'),
(489,'测试1','testTask','run1','test','0/5 * * * * ?',NULL,1,NULL,'2019-11-08 15:39:10'),
(490,'测试1','testTask','run1','test','0/5 * * * * ?',NULL,1,1,'2019-11-08 15:39:15'),
(491,'测试1','testTask','run1','test','0/5 * * * * ?',NULL,1,NULL,'2019-11-08 15:39:20'),
(492,'测试1','testTask','run1','test','0/5 * * * * ?',NULL,1,NULL,'2019-11-08 15:39:25'),
(493,'测试1','testTask','run1','test','0/5 * * * * ?',NULL,1,NULL,'2019-11-08 15:39:30'),
(494,'测试1','testTask','run1','test','0/5 * * * * ?',NULL,1,NULL,'2019-11-08 15:39:35'),
(495,'测试1','testTask','run1','test','0/5 * * * * ?',NULL,1,NULL,'2019-11-08 15:39:40'),
(496,'测试1','testTask','run1','test','0/5 * * * * ?',NULL,1,1,'2019-11-08 15:39:45'),
(497,'测试1','testTask','run1','test','0/5 * * * * ?',NULL,1,NULL,'2019-11-08 15:39:50'),
(498,'测试1','testTask','run1','test','0/5 * * * * ?',NULL,1,NULL,'2019-11-08 15:39:55'),
(499,'测试1','testTask','run1','test','0/5 * * * * ?',NULL,1,NULL,'2019-11-08 15:40:00'),
(500,'测试1','testTask','run1','test','0/5 * * * * ?',NULL,1,1,'2019-11-08 15:40:05'),
(501,'测试1','testTask','run1','test','0/5 * * * * ?',NULL,1,1,'2019-11-08 15:40:10'),
(502,'测试1','testTask','run1','test','0/5 * * * * ?',NULL,1,NULL,'2019-11-08 15:40:15'),
(503,'测试1','testTask','run1','test','0/5 * * * * ?',NULL,1,NULL,'2019-11-08 15:40:20'),
(504,'测试1','testTask','run1','test','0/5 * * * * ?',NULL,1,1,'2019-11-08 15:40:25'),
(505,'测试1','testTask','run1','test','0/5 * * * * ?',NULL,1,NULL,'2019-11-08 15:40:30'),
(506,'测试1','testTask','run1','test','0/5 * * * * ?',NULL,1,1,'2019-11-08 15:40:35'),
(507,'测试1','testTask','run1','test','0/5 * * * * ?',NULL,1,1,'2019-11-08 15:40:40'),
(508,'测试1','testTask','run1','test','0/5 * * * * ?',NULL,1,NULL,'2019-11-08 15:40:45'),
(509,'测试1','testTask','run1','test','0/5 * * * * ?',NULL,1,1,'2019-11-08 15:40:50'),
(510,'测试1','testTask','run1','test','0/5 * * * * ?',NULL,1,1,'2019-11-08 15:40:55'),
(511,'测试1','testTask','run1','test','0/5 * * * * ?',NULL,1,NULL,'2019-11-08 15:41:00'),
(512,'测试1','testTask','run1','test','0/5 * * * * ?',NULL,1,NULL,'2019-11-08 15:41:05'),
(513,'测试1','testTask','run1','test','0/5 * * * * ?',NULL,1,NULL,'2019-11-08 15:41:10'),
(514,'测试1','testTask','run1','test','0/5 * * * * ?',NULL,1,NULL,'2019-11-08 15:41:15'),
(515,'测试1','testTask','run1','test','0/5 * * * * ?',NULL,1,NULL,'2019-11-08 15:41:20'),
(516,'测试1','testTask','run1','test','0/5 * * * * ?',NULL,1,NULL,'2019-11-08 15:41:25'),
(517,'测试1','testTask','run1','test','0/5 * * * * ?',NULL,1,1,'2019-11-08 15:41:30'),
(518,'测试1','testTask','run1','test','0/5 * * * * ?',NULL,1,1,'2019-11-08 15:41:35'),
(519,'测试1','testTask','run1','test','0/5 * * * * ?',NULL,1,NULL,'2019-11-08 15:41:40'),
(520,'测试1','testTask','run1','test','0/5 * * * * ?',NULL,1,NULL,'2019-11-08 15:41:45'),
(521,'测试1','testTask','run1','test','0/5 * * * * ?',NULL,1,NULL,'2019-11-08 15:41:50'),
(522,'测试1','testTask','run1','test','0/5 * * * * ?',NULL,1,NULL,'2019-11-08 15:41:55'),
(523,'测试1','testTask','run1','test','0/5 * * * * ?',NULL,1,1,'2019-11-08 15:42:00'),
(524,'测试1','testTask','run1','test','0/5 * * * * ?',NULL,1,NULL,'2019-11-08 15:42:05'),
(525,'测试1','testTask','run1','test','0/5 * * * * ?',NULL,1,1,'2019-11-08 15:42:10'),
(526,'测试1','testTask','run1','test','0/5 * * * * ?',NULL,1,NULL,'2019-11-08 15:42:15'),
(527,'测试1','testTask','run1','test','0/5 * * * * ?',NULL,1,NULL,'2019-11-08 15:42:20'),
(528,'测试1','testTask','run1','test','0/5 * * * * ?',NULL,1,NULL,'2019-11-08 15:42:25'),
(529,'测试1','testTask','run1','test','0/5 * * * * ?',NULL,1,NULL,'2019-11-08 15:42:30'),
(530,'测试1','testTask','run1','test','0/5 * * * * ?',NULL,1,1,'2019-11-08 15:42:35'),
(531,'测试1','testTask','run1','test','0/5 * * * * ?',NULL,1,1,'2019-11-08 15:42:40'),
(532,'测试1','testTask','run1','test','0/5 * * * * ?',NULL,1,NULL,'2019-11-08 15:42:45'),
(533,'测试1','testTask','run1','test','0/5 * * * * ?',NULL,1,NULL,'2019-11-08 15:42:50'),
(534,'测试1','testTask','run1','test','0/5 * * * * ?',NULL,1,NULL,'2019-11-08 15:42:55'),
(535,'测试1','testTask','run1','test','0/5 * * * * ?',NULL,1,NULL,'2019-11-08 15:43:00'),
(536,'测试1','testTask','run1','test','0/5 * * * * ?',NULL,1,NULL,'2019-11-08 15:43:05'),
(537,'测试1','testTask','run1','test','0/5 * * * * ?',NULL,1,1,'2019-11-08 15:43:10'),
(538,'测试1','testTask','run1','test','0/5 * * * * ?',NULL,1,48,'2019-11-08 15:43:15'),
(539,'测试1','testTask','run1','test','0/5 * * * * ?',NULL,1,2,'2019-11-08 15:55:50'),
(540,'测试1','testTask','run1','test','0/5 * * * * ?',NULL,1,1,'2019-11-08 15:55:55'),
(541,'测试1','testTask','run1','test','0/5 * * * * ?',NULL,1,3,'2019-11-08 15:56:00'),
(542,'测试1','testTask','run1','test','0/5 * * * * ?',NULL,1,1,'2019-11-08 15:56:05'),
(543,'测试1','testTask','run1','test','0/5 * * * * ?',NULL,1,2,'2019-11-08 15:56:10'),
(544,'测试1','testTask','run1','test','0/5 * * * * ?',NULL,1,1,'2019-11-08 15:56:15'),
(545,'测试1','testTask','run1','test','0/5 * * * * ?',NULL,1,2,'2019-11-08 15:56:20'),
(546,'测试1','testTask','run1','test','0/5 * * * * ?',NULL,1,1,'2019-11-08 15:56:25'),
(547,'测试1','testTask','run1','test','0/5 * * * * ?',NULL,1,1,'2019-11-08 15:56:30'),
(548,'测试1','testTask','run1','test','0/5 * * * * ?',NULL,1,2,'2019-11-08 15:56:35'),
(549,'测试1','testTask','run1','test','0/5 * * * * ?',NULL,1,1,'2019-11-08 15:56:40'),
(550,'测试1','testTask','run1','test','0/5 * * * * ?',NULL,1,1,'2019-11-08 15:56:45'),
(551,'测试1','testTask','run1','test','0/5 * * * * ?',NULL,1,1,'2019-11-08 15:56:50'),
(552,'测试1','testTask','run1','test','0/5 * * * * ?',NULL,1,59,'2019-11-08 15:56:55'),
(553,'测试1','testTask','run1','test','0/5 * * * * ?',NULL,1,38,'2019-11-08 15:57:00'),
(554,'测试1','testTask','run1','test','0/5 * * * * ?',NULL,1,1,'2019-11-08 15:57:05'),
(555,'测试1','testTask','run1','test','0/5 * * * * ?',NULL,1,1,'2019-11-08 15:57:10'),
(556,'测试1','testTask','run1','test','0/5 * * * * ?',NULL,1,1,'2019-11-08 15:57:15'),
(557,'测试1','testTask','run1','test','0/5 * * * * ?',NULL,1,3,'2019-11-08 15:57:20'),
(558,'测试1','testTask','run1','test','0/5 * * * * ?',NULL,1,1,'2019-11-08 15:57:25'),
(559,'测试1','testTask','run1','test','0/5 * * * * ?',NULL,1,1,'2019-11-08 15:57:30'),
(560,'测试1','testTask','run1','test','0/5 * * * * ?',NULL,1,1,'2019-11-08 15:57:35'),
(561,'测试1','testTask','run1','test','0/5 * * * * ?',NULL,1,1,'2019-11-08 15:57:40'),
(562,'测试1','testTask','run1','test','0/5 * * * * ?',NULL,1,1,'2019-11-08 15:57:45'),
(563,'测试1','testTask','run1','test','0/5 * * * * ?',NULL,1,1,'2019-11-08 15:57:50'),
(564,'测试1','testTask','run1','test','0/5 * * * * ?',NULL,1,2,'2019-11-08 15:57:55'),
(565,'测试1','testTask','run1','test','0/5 * * * * ?',NULL,1,3,'2019-11-08 15:58:00'),
(566,'测试1','testTask','run1','test','0/5 * * * * ?',NULL,1,1,'2019-11-08 15:58:05'),
(567,'测试1','testTask','run1','test','0/5 * * * * ?',NULL,1,1,'2019-11-08 15:58:10'),
(568,'测试1','testTask','run1','test','0/5 * * * * ?',NULL,1,1,'2019-11-08 15:58:15'),
(569,'测试1','testTask','run1','test','0/5 * * * * ?',NULL,1,1,'2019-11-08 15:58:20'),
(570,'测试1','testTask','run1','test','0/5 * * * * ?',NULL,1,1,'2019-11-08 15:58:25'),
(571,'测试1','testTask','run1','test','0/5 * * * * ?',NULL,1,1,'2019-11-08 15:58:30'),
(572,'测试1','testTask','run1','test','0/5 * * * * ?',NULL,1,1,'2019-11-08 15:58:35'),
(573,'测试1','testTask','run1','test','0/5 * * * * ?',NULL,1,1,'2019-11-08 15:58:40'),
(574,'测试1','testTask','run1','test','0/5 * * * * ?',NULL,1,1,'2019-11-08 15:58:45'),
(575,'测试1','testTask','run1','test','0/5 * * * * ?',NULL,1,8,'2019-11-08 15:58:50'),
(576,'测试1','testTask','run1','test','0/5 * * * * ?',NULL,1,1,'2019-11-08 15:58:55'),
(577,'测试1','testTask','run1','test','0/5 * * * * ?',NULL,1,3,'2019-11-08 15:59:00'),
(578,'测试1','testTask','run1','test','0/5 * * * * ?',NULL,1,1,'2019-11-08 15:59:05'),
(579,'测试1','testTask','run1','test','0/5 * * * * ?',NULL,1,1,'2019-11-08 15:59:10'),
(580,'测试1','testTask','run1','test','0/5 * * * * ?',NULL,1,1,'2019-11-08 15:59:15'),
(581,'测试1','testTask','run1','test','0/5 * * * * ?',NULL,1,1,'2019-11-08 15:59:20'),
(582,'测试1','testTask','run1','test','0/5 * * * * ?',NULL,1,1,'2019-11-08 15:59:25'),
(583,'测试1','testTask','run1','test','0/5 * * * * ?',NULL,1,3,'2019-11-08 15:59:30'),
(584,'测试1','testTask','run1','test','0/5 * * * * ?',NULL,1,1,'2019-11-08 15:59:35'),
(585,'测试1','testTask','run1','test','0/5 * * * * ?',NULL,1,NULL,'2019-11-08 15:59:40'),
(586,'测试1','testTask','run1','test','0/5 * * * * ?',NULL,1,1,'2019-11-08 15:59:45'),
(587,'测试1','testTask','run1','test','0/5 * * * * ?',NULL,1,2,'2019-11-08 15:59:50'),
(588,'测试1','testTask','run1','test','0/5 * * * * ?',NULL,1,1,'2019-11-08 15:59:55'),
(589,'测试1','testTask','run1','test','0/5 * * * * ?',NULL,1,NULL,'2019-11-08 16:00:00'),
(590,'测试1','testTask','run1','test','0/5 * * * * ?',NULL,1,NULL,'2019-11-08 16:00:05'),
(591,'测试1','testTask','run1','test','0/5 * * * * ?',NULL,1,NULL,'2019-11-08 16:00:10'),
(592,'测试1','testTask','run1','test','0/5 * * * * ?',NULL,1,1,'2019-11-08 16:00:15'),
(593,'测试1','testTask','run1','test','0/5 * * * * ?',NULL,1,NULL,'2019-11-08 16:00:20'),
(594,'测试1','testTask','run1','test','0/5 * * * * ?',NULL,1,1,'2019-11-08 16:00:25'),
(595,'测试1','testTask','run1','test','0/5 * * * * ?',NULL,1,NULL,'2019-11-08 16:00:30'),
(596,'测试1','testTask','run1','test','0/5 * * * * ?',NULL,1,NULL,'2019-11-08 16:00:35'),
(597,'测试1','testTask','run1','test','0/5 * * * * ?',NULL,1,NULL,'2019-11-08 16:00:40'),
(598,'测试1','testTask','run1','test','0/5 * * * * ?',NULL,1,1,'2019-11-08 16:00:45'),
(599,'测试1','testTask','run1','test','0/5 * * * * ?',NULL,1,1,'2019-11-08 16:00:50'),
(600,'测试1','testTask','run1','test','0/5 * * * * ?',NULL,1,NULL,'2019-11-08 16:00:55'),
(601,'测试1','testTask','run1','test','0/5 * * * * ?',NULL,1,NULL,'2019-11-08 16:01:00'),
(602,'测试1','testTask','run1','test','0/5 * * * * ?',NULL,1,NULL,'2019-11-08 16:01:05'),
(603,'测试1','testTask','run1','test','0/5 * * * * ?',NULL,1,NULL,'2019-11-08 16:01:10'),
(604,'测试1','testTask','run1','test','0/5 * * * * ?',NULL,1,NULL,'2019-11-08 16:01:15'),
(605,'测试1','testTask','run1','test','0/5 * * * * ?',NULL,1,NULL,'2019-11-08 16:01:20'),
(606,'测试1','testTask','run1','test','0/5 * * * * ?',NULL,1,NULL,'2019-11-08 16:01:25'),
(607,'测试1','testTask','run1','test','0/5 * * * * ?',NULL,1,NULL,'2019-11-08 16:01:30'),
(608,'测试1','testTask','run1','test','0/5 * * * * ?',NULL,1,NULL,'2019-11-08 16:01:35'),
(609,'测试1','testTask','run1','test','0/5 * * * * ?',NULL,1,1,'2019-11-08 16:01:40'),
(610,'测试1','testTask','run1','test','0/5 * * * * ?',NULL,1,NULL,'2019-11-08 16:01:45'),
(611,'测试1','testTask','run1','test','0/5 * * * * ?',NULL,1,NULL,'2019-11-08 16:01:50'),
(612,'测试1','testTask','run1','test','0/5 * * * * ?',NULL,1,NULL,'2019-11-08 16:01:55'),
(613,'测试1','testTask','run1','test','0/5 * * * * ?',NULL,1,NULL,'2019-11-08 16:02:00'),
(614,'测试1','testTask','run1','test','0/5 * * * * ?',NULL,1,NULL,'2019-11-08 16:02:05'),
(615,'测试1','testTask','run1','test','0/5 * * * * ?',NULL,1,1,'2019-11-08 16:02:10'),
(616,'测试1','testTask','run1','test','0/5 * * * * ?',NULL,1,NULL,'2019-11-08 16:02:15'),
(617,'测试1','testTask','run1','test','0/5 * * * * ?',NULL,1,NULL,'2019-11-08 16:02:20'),
(618,'测试1','testTask','run1','test','0/5 * * * * ?',NULL,1,NULL,'2019-11-08 16:02:25'),
(619,'测试1','testTask','run1','test','0/5 * * * * ?',NULL,1,1,'2019-11-08 16:02:30'),
(620,'测试1','testTask','run1','test','0/5 * * * * ?',NULL,1,1,'2019-11-08 16:02:35'),
(621,'测试1','testTask','run1','test','0/5 * * * * ?',NULL,1,NULL,'2019-11-08 16:02:40'),
(622,'测试1','testTask','run1','test','0/5 * * * * ?',NULL,1,NULL,'2019-11-08 16:02:45'),
(623,'测试1','testTask','run1','test','0/5 * * * * ?',NULL,1,1,'2019-11-08 16:02:50'),
(624,'测试1','testTask','run1','test','0/5 * * * * ?',NULL,1,1,'2019-11-08 16:02:55'),
(625,'测试1','testTask','run1','test','0/5 * * * * ?',NULL,1,NULL,'2019-11-08 16:03:00'),
(626,'测试1','testTask','run1','test','0/5 * * * * ?',NULL,1,1,'2019-11-08 16:03:05'),
(627,'测试1','testTask','run1','test','0/5 * * * * ?',NULL,1,NULL,'2019-11-08 16:03:10'),
(628,'测试1','testTask','run1','test','0/5 * * * * ?',NULL,1,1,'2019-11-08 16:03:15'),
(629,'测试1','testTask','run1','test','0/5 * * * * ?',NULL,1,1,'2019-11-08 16:03:20'),
(630,'测试1','testTask','run1','test','0/5 * * * * ?',NULL,1,NULL,'2019-11-08 16:03:25'),
(631,'测试1','testTask','run1','test','0/5 * * * * ?',NULL,1,1,'2019-11-08 16:03:30'),
(632,'测试1','testTask','run1','test','0/5 * * * * ?',NULL,1,1,'2019-11-08 16:03:35'),
(633,'测试1','testTask','run1','test','0/5 * * * * ?',NULL,1,NULL,'2019-11-08 16:03:40'),
(634,'测试1','testTask','run1','test','0/5 * * * * ?',NULL,1,NULL,'2019-11-08 16:03:45'),
(635,'测试1','testTask','run1','test','0/5 * * * * ?',NULL,1,1,'2019-11-08 16:03:50'),
(636,'测试1','testTask','run1','test','0/5 * * * * ?',NULL,1,NULL,'2019-11-08 16:03:55'),
(637,'测试1','testTask','run1','test','0/5 * * * * ?',NULL,1,NULL,'2019-11-08 16:04:00'),
(638,'测试1','testTask','run1','test','0/5 * * * * ?',NULL,1,NULL,'2019-11-08 16:04:05'),
(639,'测试1','testTask','run1','test','0/5 * * * * ?',NULL,1,1,'2019-11-08 16:04:10'),
(640,'测试1','testTask','run1','test','0/5 * * * * ?',NULL,1,NULL,'2019-11-08 16:04:15'),
(641,'测试1','testTask','run1','test','0/5 * * * * ?',NULL,1,1,'2019-11-08 16:04:20'),
(642,'测试1','testTask','run1','test','0/5 * * * * ?',NULL,1,1,'2019-11-08 16:04:25'),
(643,'测试1','testTask','run1','test','0/5 * * * * ?',NULL,1,NULL,'2019-11-08 16:04:30'),
(644,'测试1','testTask','run1','test','0/5 * * * * ?',NULL,1,1,'2019-11-08 16:04:35'),
(645,'测试1','testTask','run1','test','0/5 * * * * ?',NULL,1,NULL,'2019-11-08 16:04:40'),
(646,'测试1','testTask','run1','test','0/5 * * * * ?',NULL,1,NULL,'2019-11-08 16:04:45'),
(647,'测试1','testTask','run1','test','0/5 * * * * ?',NULL,1,NULL,'2019-11-08 16:04:50'),
(648,'测试1','testTask','run1','test','0/5 * * * * ?',NULL,1,NULL,'2019-11-08 16:04:55'),
(649,'测试1','testTask','run1','test','0/5 * * * * ?',NULL,1,NULL,'2019-11-08 16:05:00'),
(650,'测试1','testTask','run1','test','0/5 * * * * ?',NULL,1,NULL,'2019-11-08 16:05:05'),
(651,'测试1','testTask','run1','test','0/5 * * * * ?',NULL,1,1,'2019-11-08 16:05:10'),
(652,'测试1','testTask','run1','test','0/5 * * * * ?',NULL,1,1,'2019-11-08 16:05:15'),
(653,'测试1','testTask','run1','test','0/5 * * * * ?',NULL,1,1,'2019-11-08 16:05:20'),
(654,'测试1','testTask','run1','test','0/5 * * * * ?',NULL,1,NULL,'2019-11-08 16:05:25'),
(655,'测试1','testTask','run1','test','0/5 * * * * ?',NULL,1,NULL,'2019-11-08 16:05:30'),
(656,'测试1','testTask','run1','test','0/5 * * * * ?',NULL,1,1,'2019-11-08 16:05:35'),
(657,'测试1','testTask','run1','test','0/5 * * * * ?',NULL,1,NULL,'2019-11-08 16:05:40'),
(658,'测试1','testTask','run1','test','0/5 * * * * ?',NULL,1,NULL,'2019-11-08 16:05:45'),
(659,'测试1','testTask','run1','test','0/5 * * * * ?',NULL,1,NULL,'2019-11-08 16:05:50'),
(660,'测试1','testTask','run1','test','0/5 * * * * ?',NULL,1,1,'2019-11-08 16:05:55'),
(661,'测试1','testTask','run1','test','0/5 * * * * ?',NULL,1,NULL,'2019-11-08 16:06:00'),
(662,'测试1','testTask','run1','test','0/5 * * * * ?',NULL,1,NULL,'2019-11-08 16:06:05'),
(663,'测试1','testTask','run1','test','0/5 * * * * ?',NULL,1,NULL,'2019-11-08 16:06:10'),
(664,'测试1','testTask','run1','test','0/5 * * * * ?',NULL,1,NULL,'2019-11-08 16:06:15'),
(665,'测试1','testTask','run1','test','0/5 * * * * ?',NULL,1,1,'2019-11-08 16:06:20'),
(666,'测试1','testTask','run1','test','0/5 * * * * ?',NULL,1,NULL,'2019-11-08 16:06:25'),
(667,'测试1','testTask','run1','test','0/5 * * * * ?',NULL,1,NULL,'2019-11-08 16:06:30'),
(668,'测试1','testTask','run1','test','0/5 * * * * ?',NULL,1,NULL,'2019-11-08 16:06:35'),
(669,'测试1','testTask','run1','test','0/5 * * * * ?',NULL,1,NULL,'2019-11-08 16:06:40'),
(670,'测试1','testTask','run1','test','0/5 * * * * ?',NULL,1,NULL,'2019-11-08 16:06:45'),
(671,'测试1','testTask','run1','test','0/5 * * * * ?',NULL,1,NULL,'2019-11-08 16:06:50'),
(672,'测试1','testTask','run1','test','0/5 * * * * ?',NULL,1,NULL,'2019-11-08 16:06:55'),
(673,'测试1','testTask','run1','test','0/5 * * * * ?',NULL,1,1,'2019-11-08 16:07:00'),
(674,'测试1','testTask','run1','test','0/5 * * * * ?',NULL,1,NULL,'2019-11-08 16:07:05'),
(675,'测试1','testTask','run1','test','0/5 * * * * ?',NULL,1,NULL,'2019-11-08 16:07:10'),
(676,'测试1','testTask','run1','test','0/5 * * * * ?',NULL,1,NULL,'2019-11-08 16:07:15'),
(677,'测试1','testTask','run1','test','0/5 * * * * ?',NULL,1,NULL,'2019-11-08 16:07:20'),
(678,'测试1','testTask','run1','test','0/5 * * * * ?',NULL,1,NULL,'2019-11-08 16:07:25'),
(679,'测试1','testTask','run1','test','0/5 * * * * ?',NULL,1,1,'2019-11-08 16:07:30'),
(680,'测试1','testTask','run1','test','0/5 * * * * ?',NULL,1,NULL,'2019-11-08 16:07:35'),
(681,'测试1','testTask','run1','test','0/5 * * * * ?',NULL,1,1,'2019-11-08 16:07:40'),
(682,'测试1','testTask','run1','test','0/5 * * * * ?',NULL,1,NULL,'2019-11-08 16:07:45'),
(683,'测试1','testTask','run1','test','0/5 * * * * ?',NULL,1,NULL,'2019-11-08 16:07:50'),
(684,'测试1','testTask','run1','test','0/5 * * * * ?',NULL,1,NULL,'2019-11-08 16:07:55'),
(685,'测试1','testTask','run1','test','0/5 * * * * ?',NULL,1,NULL,'2019-11-08 16:08:00'),
(686,'测试1','testTask','run1','test','0/5 * * * * ?',NULL,1,1,'2019-11-08 16:08:05'),
(687,'测试1','testTask','run1','test','0/5 * * * * ?',NULL,1,NULL,'2019-11-08 16:08:10'),
(688,'测试1','testTask','run1','test','0/5 * * * * ?',NULL,1,NULL,'2019-11-08 16:08:15'),
(689,'测试1','testTask','run1','test','0/5 * * * * ?',NULL,1,NULL,'2019-11-08 16:08:20'),
(690,'测试1','testTask','run1','test','0/5 * * * * ?',NULL,1,6,'2019-11-08 16:08:25'),
(691,'测试1','testTask','run1','test','0/5 * * * * ?',NULL,1,NULL,'2019-11-08 16:08:30'),
(692,'测试1','testTask','run1','test','0/5 * * * * ?',NULL,1,NULL,'2019-11-08 16:08:35'),
(693,'测试1','testTask','run1','test','0/5 * * * * ?',NULL,1,NULL,'2019-11-08 16:08:40'),
(694,'测试1','testTask','run1','test','0/5 * * * * ?',NULL,1,1,'2019-11-08 16:08:45'),
(695,'测试1','testTask','run1','test','0/5 * * * * ?',NULL,1,NULL,'2019-11-08 16:08:50'),
(696,'测试1','testTask','run1','test','0/5 * * * * ?',NULL,1,1,'2019-11-08 16:08:55'),
(697,'测试1','testTask','run1','test','0/5 * * * * ?',NULL,1,NULL,'2019-11-08 16:09:00'),
(698,'测试1','testTask','run1','test','0/5 * * * * ?',NULL,1,NULL,'2019-11-08 16:09:05'),
(699,'测试1','testTask','run1','test','0/5 * * * * ?',NULL,1,1,'2019-11-08 16:09:10'),
(700,'测试1','testTask','run1','test','0/5 * * * * ?',NULL,1,NULL,'2019-11-08 16:09:15'),
(701,'测试1','testTask','run1','test','0/5 * * * * ?',NULL,1,NULL,'2019-11-08 16:09:20'),
(702,'测试1','testTask','run1','test','0/5 * * * * ?',NULL,1,NULL,'2019-11-08 16:09:25'),
(703,'测试1','testTask','run1','test','0/5 * * * * ?',NULL,1,1,'2019-11-08 16:09:30'),
(704,'测试1','testTask','run1','test','0/5 * * * * ?',NULL,1,NULL,'2019-11-08 16:09:35'),
(705,'测试1','testTask','run1','test','0/5 * * * * ?',NULL,1,1,'2019-11-08 16:09:40'),
(706,'测试1','testTask','run1','test','0/5 * * * * ?',NULL,1,NULL,'2019-11-08 16:09:45'),
(707,'测试1','testTask','run1','test','0/5 * * * * ?',NULL,1,NULL,'2019-11-08 16:09:50'),
(708,'测试1','testTask','run1','test','0/5 * * * * ?',NULL,1,NULL,'2019-11-08 16:09:55'),
(709,'测试1','testTask','run1','test','0/5 * * * * ?',NULL,1,NULL,'2019-11-08 16:10:00'),
(710,'测试1','testTask','run1','test','0/5 * * * * ?',NULL,1,NULL,'2019-11-08 16:10:05'),
(711,'测试1','testTask','run1','test','0/5 * * * * ?',NULL,1,NULL,'2019-11-08 16:10:10'),
(712,'测试1','testTask','run1','test','0/5 * * * * ?',NULL,1,1,'2019-11-08 16:10:15'),
(713,'测试1','testTask','run1','test','0/5 * * * * ?',NULL,1,NULL,'2019-11-08 16:10:20'),
(714,'测试1','testTask','run1','test','0/5 * * * * ?',NULL,1,NULL,'2019-11-08 16:10:25'),
(715,'测试1','testTask','run1','test','0/5 * * * * ?',NULL,1,1,'2019-11-08 16:10:30'),
(716,'测试1','testTask','run1','test','0/5 * * * * ?',NULL,1,NULL,'2019-11-08 16:10:35'),
(717,'测试1','testTask','run1','test','0/5 * * * * ?',NULL,1,NULL,'2019-11-08 16:10:40'),
(718,'测试1','testTask','run1','test','0/5 * * * * ?',NULL,1,NULL,'2019-11-08 16:10:45'),
(719,'测试1','testTask','run1','test','0/5 * * * * ?',NULL,1,NULL,'2019-11-08 16:10:50'),
(720,'测试1','testTask','run1','test','0/5 * * * * ?',NULL,1,NULL,'2019-11-08 16:10:55'),
(721,'测试1','testTask','run1','test','0/5 * * * * ?',NULL,1,NULL,'2019-11-08 16:11:00'),
(722,'测试1','testTask','run1','test','0/5 * * * * ?',NULL,1,NULL,'2019-11-08 16:11:05'),
(723,'测试1','testTask','run1','test','0/5 * * * * ?',NULL,1,NULL,'2019-11-08 16:11:10'),
(724,'测试1','testTask','run1','test','0/5 * * * * ?',NULL,1,NULL,'2019-11-08 16:11:15'),
(725,'测试1','testTask','run1','test','0/5 * * * * ?',NULL,1,NULL,'2019-11-08 16:11:20'),
(726,'测试1','testTask','run1','test','0/5 * * * * ?',NULL,1,NULL,'2019-11-08 16:11:25'),
(727,'测试1','testTask','run1','test','0/5 * * * * ?',NULL,1,NULL,'2019-11-08 16:11:30'),
(728,'测试1','testTask','run1','test','0/5 * * * * ?',NULL,1,NULL,'2019-11-08 16:11:35'),
(729,'测试1','testTask','run1','test','0/5 * * * * ?',NULL,1,NULL,'2019-11-08 16:11:40'),
(730,'测试1','testTask','run1','test','0/5 * * * * ?',NULL,1,NULL,'2019-11-08 16:11:45'),
(731,'测试1','testTask','run1','test','0/5 * * * * ?',NULL,1,1,'2019-11-08 16:11:50'),
(732,'测试1','testTask','run1','test','0/5 * * * * ?',NULL,1,NULL,'2019-11-08 16:11:55'),
(733,'测试1','testTask','run1','test','0/5 * * * * ?',NULL,1,NULL,'2019-11-08 16:12:00'),
(734,'测试1','testTask','run1','test','0/5 * * * * ?',NULL,1,NULL,'2019-11-08 16:12:05'),
(735,'测试1','testTask','run1','test','0/5 * * * * ?',NULL,1,1,'2019-11-08 16:12:10'),
(736,'测试1','testTask','run1','test','0/5 * * * * ?',NULL,1,NULL,'2019-11-08 16:12:15'),
(737,'测试1','testTask','run1','test','0/5 * * * * ?',NULL,1,NULL,'2019-11-08 16:12:20'),
(738,'测试1','testTask','run1','test','0/5 * * * * ?',NULL,1,NULL,'2019-11-08 16:12:25'),
(739,'测试1','testTask','run1','test','0/5 * * * * ?',NULL,1,NULL,'2019-11-08 16:12:30'),
(740,'测试1','testTask','run1','test','0/5 * * * * ?',NULL,1,NULL,'2019-11-08 16:12:35'),
(741,'测试1','testTask','run1','test','0/5 * * * * ?',NULL,1,NULL,'2019-11-08 16:12:40'),
(742,'测试1','testTask','run1','test','0/5 * * * * ?',NULL,1,NULL,'2019-11-08 16:12:45'),
(743,'测试1','testTask','run1','test','0/5 * * * * ?',NULL,1,NULL,'2019-11-08 16:12:50'),
(744,'测试1','testTask','run1','test','0/5 * * * * ?',NULL,1,NULL,'2019-11-08 16:12:55'),
(745,'测试1','testTask','run1','test','0/5 * * * * ?',NULL,1,NULL,'2019-11-08 16:13:00'),
(746,'测试1','testTask','run1','test','0/5 * * * * ?',NULL,1,NULL,'2019-11-08 16:13:05'),
(747,'测试1','testTask','run1','test','0/5 * * * * ?',NULL,1,NULL,'2019-11-08 16:13:10'),
(748,'测试1','testTask','run1','test','0/5 * * * * ?',NULL,1,NULL,'2019-11-08 16:13:15'),
(749,'测试1','testTask','run1','test','0/5 * * * * ?',NULL,1,NULL,'2019-11-08 16:13:20'),
(750,'测试1','testTask','run1','test','0/5 * * * * ?',NULL,1,NULL,'2019-11-08 16:13:25'),
(751,'测试1','testTask','run1','test','0/5 * * * * ?',NULL,1,1,'2019-11-08 16:13:30'),
(752,'测试1','testTask','run1','test','0/5 * * * * ?',NULL,1,NULL,'2019-11-08 16:13:35'),
(753,'测试1','testTask','run1','test','0/5 * * * * ?',NULL,1,1,'2019-11-08 16:13:40'),
(754,'测试1','testTask','run1','test','0/5 * * * * ?',NULL,1,NULL,'2019-11-08 16:13:45'),
(755,'测试1','testTask','run1','test','0/5 * * * * ?',NULL,1,NULL,'2019-11-08 16:13:50'),
(756,'测试1','testTask','run1','test','0/5 * * * * ?',NULL,1,NULL,'2019-11-08 16:13:55'),
(757,'测试1','testTask','run1','test','0/5 * * * * ?',NULL,1,NULL,'2019-11-08 16:14:00'),
(758,'测试1','testTask','run1','test','0/5 * * * * ?',NULL,1,NULL,'2019-11-08 16:14:05'),
(759,'测试1','testTask','run1','test','0/5 * * * * ?',NULL,1,NULL,'2019-11-08 16:14:10'),
(760,'测试1','testTask','run1','test','0/5 * * * * ?',NULL,1,NULL,'2019-11-08 16:14:15'),
(761,'测试1','testTask','run1','test','0/5 * * * * ?',NULL,1,NULL,'2019-11-08 16:14:20'),
(762,'测试1','testTask','run1','test','0/5 * * * * ?',NULL,1,NULL,'2019-11-08 16:14:25'),
(763,'测试1','testTask','run1','test','0/5 * * * * ?',NULL,1,1,'2019-11-08 16:14:30'),
(764,'测试1','testTask','run1','test','0/5 * * * * ?',NULL,1,NULL,'2019-11-08 16:14:35'),
(765,'测试1','testTask','run1','test','0/5 * * * * ?',NULL,1,1,'2019-11-08 16:14:40'),
(766,'测试1','testTask','run1','test','0/5 * * * * ?',NULL,1,NULL,'2019-11-08 16:14:45'),
(767,'测试1','testTask','run1','test','0/5 * * * * ?',NULL,1,NULL,'2019-11-08 16:14:50'),
(768,'测试1','testTask','run1','test','0/5 * * * * ?',NULL,1,NULL,'2019-11-08 16:14:55'),
(769,'测试1','testTask','run1','test','0/5 * * * * ?',NULL,1,1,'2019-11-08 16:15:00'),
(770,'测试1','testTask','run1','test','0/5 * * * * ?',NULL,1,NULL,'2019-11-08 16:15:05'),
(771,'测试1','testTask','run1','test','0/5 * * * * ?',NULL,1,NULL,'2019-11-08 16:15:10'),
(772,'测试1','testTask','run1','test','0/5 * * * * ?',NULL,1,1,'2019-11-08 16:15:15'),
(773,'测试1','testTask','run1','test','0/5 * * * * ?',NULL,1,1,'2019-11-08 16:15:20'),
(774,'测试1','testTask','run1','test','0/5 * * * * ?',NULL,1,NULL,'2019-11-08 16:15:25'),
(775,'测试1','testTask','run1','test','0/5 * * * * ?',NULL,1,NULL,'2019-11-08 16:15:30'),
(776,'测试1','testTask','run1','test','0/5 * * * * ?',NULL,1,1,'2019-11-08 16:15:35'),
(777,'测试1','testTask','run1','test','0/5 * * * * ?',NULL,1,1,'2019-11-08 16:15:40'),
(778,'测试1','testTask','run1','test','0/5 * * * * ?',NULL,1,NULL,'2019-11-08 16:15:45'),
(779,'测试1','testTask','run1','test','0/5 * * * * ?',NULL,1,NULL,'2019-11-08 16:15:50'),
(780,'测试1','testTask','run1','test','0/5 * * * * ?',NULL,1,NULL,'2019-11-08 16:15:55'),
(781,'测试1','testTask','run1','test','0/5 * * * * ?',NULL,1,NULL,'2019-11-08 16:16:00'),
(782,'测试1','testTask','run1','test','0/5 * * * * ?',NULL,1,NULL,'2019-11-08 16:16:05'),
(783,'测试1','testTask','run1','test','0/5 * * * * ?',NULL,1,NULL,'2019-11-08 16:16:10'),
(784,'测试1','testTask','run1','test','0/5 * * * * ?',NULL,1,NULL,'2019-11-08 16:16:15'),
(785,'测试1','testTask','run1','test','0/5 * * * * ?',NULL,1,NULL,'2019-11-08 16:16:20'),
(786,'测试1','testTask','run1','test','0/5 * * * * ?',NULL,1,NULL,'2019-11-08 16:16:25'),
(787,'测试1','testTask','run1','test','0/5 * * * * ?',NULL,1,1,'2019-11-08 16:16:30'),
(788,'测试1','testTask','run1','test','0/5 * * * * ?',NULL,1,NULL,'2019-11-08 16:16:35'),
(789,'测试1','testTask','run1','test','0/5 * * * * ?',NULL,1,NULL,'2019-11-08 16:16:40'),
(790,'测试1','testTask','run1','test','0/5 * * * * ?',NULL,1,NULL,'2019-11-08 16:16:45'),
(791,'测试1','testTask','run1','test','0/5 * * * * ?',NULL,1,NULL,'2019-11-08 16:16:50'),
(792,'测试1','testTask','run1','test','0/5 * * * * ?',NULL,1,1,'2019-11-08 16:16:55'),
(793,'测试1','testTask','run1','test','0/5 * * * * ?',NULL,1,1,'2019-11-08 16:17:00'),
(794,'测试1','testTask','run1','test','0/5 * * * * ?',NULL,1,NULL,'2019-11-08 16:17:05'),
(795,'测试1','testTask','run1','test','0/5 * * * * ?',NULL,1,1,'2019-11-08 16:17:10'),
(796,'测试1','testTask','run1','test','0/5 * * * * ?',NULL,1,1,'2019-11-08 16:17:15'),
(797,'测试1','testTask','run1','test','0/5 * * * * ?',NULL,1,NULL,'2019-11-08 16:17:20'),
(798,'测试1','testTask','run1','test','0/5 * * * * ?',NULL,1,NULL,'2019-11-08 16:17:25'),
(799,'测试1','testTask','run1','test','0/5 * * * * ?',NULL,1,NULL,'2019-11-08 16:17:30'),
(800,'测试1','testTask','run1','test','0/5 * * * * ?',NULL,1,1,'2019-11-08 16:17:35'),
(801,'测试1','testTask','run1','test','0/5 * * * * ?',NULL,1,NULL,'2019-11-08 16:17:40'),
(802,'测试1','testTask','run1','test','0/5 * * * * ?',NULL,1,NULL,'2019-11-08 16:17:45'),
(803,'测试1','testTask','run1','test','0/5 * * * * ?',NULL,1,NULL,'2019-11-08 16:17:50'),
(804,'测试1','testTask','run1','test','0/5 * * * * ?',NULL,1,NULL,'2019-11-08 16:17:55'),
(805,'测试1','testTask','run1','test','0/5 * * * * ?',NULL,1,NULL,'2019-11-08 16:18:00'),
(806,'测试1','testTask','run1','test','0/5 * * * * ?',NULL,1,1,'2019-11-08 16:18:05'),
(807,'测试1','testTask','run1','test','0/5 * * * * ?',NULL,1,1,'2019-11-08 16:18:10'),
(808,'测试1','testTask','run1','test','0/5 * * * * ?',NULL,1,NULL,'2019-11-08 16:18:15'),
(809,'测试1','testTask','run1','test','0/5 * * * * ?',NULL,1,NULL,'2019-11-08 16:18:20'),
(810,'测试1','testTask','run1','test','0/5 * * * * ?',NULL,1,NULL,'2019-11-08 16:18:25'),
(811,'测试1','testTask','run1','test','0/5 * * * * ?',NULL,1,1,'2019-11-08 16:18:30'),
(812,'测试1','testTask','run1','test','0/5 * * * * ?',NULL,1,NULL,'2019-11-08 16:18:35'),
(813,'测试1','testTask','run1','test','0/5 * * * * ?',NULL,1,NULL,'2019-11-08 16:18:40'),
(814,'测试1','testTask','run1','test','0/5 * * * * ?',NULL,1,1,'2019-11-08 16:18:45'),
(815,'测试1','testTask','run1','test','0/5 * * * * ?',NULL,1,NULL,'2019-11-08 16:18:50'),
(816,'测试1','testTask','run1','test','0/5 * * * * ?',NULL,1,NULL,'2019-11-08 16:18:55'),
(817,'测试1','testTask','run1','test','0/5 * * * * ?',NULL,1,NULL,'2019-11-08 16:19:00'),
(818,'测试1','testTask','run1','test','0/5 * * * * ?',NULL,1,NULL,'2019-11-08 16:19:05'),
(819,'测试1','testTask','run1','test','0/5 * * * * ?',NULL,1,NULL,'2019-11-08 16:19:10'),
(820,'测试1','testTask','run1','test','0/5 * * * * ?',NULL,1,NULL,'2019-11-08 16:19:15'),
(821,'测试1','testTask','run1','test','0/5 * * * * ?',NULL,1,NULL,'2019-11-08 16:19:20'),
(822,'测试1','testTask','run1','test','0/5 * * * * ?',NULL,1,1,'2019-11-08 16:19:25'),
(823,'测试1','testTask','run1','test','0/5 * * * * ?',NULL,1,NULL,'2019-11-08 16:19:30'),
(824,'测试1','testTask','run1','test','0/5 * * * * ?',NULL,1,NULL,'2019-11-08 16:19:35'),
(825,'测试1','testTask','run1','test','0/5 * * * * ?',NULL,1,NULL,'2019-11-08 16:19:40'),
(826,'测试1','testTask','run1','test','0/5 * * * * ?',NULL,1,1,'2019-11-08 16:19:45'),
(827,'测试1','testTask','run1','test','0/5 * * * * ?',NULL,1,1,'2019-11-08 16:19:50'),
(828,'测试1','testTask','run1','test','0/5 * * * * ?',NULL,1,NULL,'2019-11-08 16:19:55'),
(829,'测试1','testTask','run1','test','0/5 * * * * ?',NULL,1,NULL,'2019-11-08 16:20:00'),
(830,'测试1','testTask','run1','test','0/5 * * * * ?',NULL,1,NULL,'2019-11-08 16:20:05'),
(831,'测试1','testTask','run1','test','0/5 * * * * ?',NULL,1,NULL,'2019-11-08 16:20:10'),
(832,'测试1','testTask','run1','test','0/5 * * * * ?',NULL,1,NULL,'2019-11-08 16:20:15'),
(833,'测试1','testTask','run1','test','0/5 * * * * ?',NULL,1,NULL,'2019-11-08 16:20:20'),
(834,'测试1','testTask','run1','test','0/5 * * * * ?',NULL,1,1,'2019-11-08 16:20:25'),
(835,'测试1','testTask','run1','test','0/5 * * * * ?',NULL,1,NULL,'2019-11-08 16:20:30'),
(836,'测试1','testTask','run1','test','0/5 * * * * ?',NULL,1,NULL,'2019-11-08 16:20:35'),
(837,'测试1','testTask','run1','test','0/5 * * * * ?',NULL,1,NULL,'2019-11-08 16:20:40'),
(838,'测试1','testTask','run1','test','0/5 * * * * ?',NULL,1,NULL,'2019-11-08 16:20:45'),
(839,'测试1','testTask','run1','test','0/5 * * * * ?',NULL,1,NULL,'2019-11-08 16:20:50'),
(840,'测试1','testTask','run1','test','0/5 * * * * ?',NULL,1,NULL,'2019-11-08 16:20:55'),
(841,'测试1','testTask','run1','test','0/5 * * * * ?',NULL,1,NULL,'2019-11-08 16:21:00'),
(842,'测试1','testTask','run1','test','0/5 * * * * ?',NULL,1,NULL,'2019-11-08 16:21:05'),
(843,'测试1','testTask','run1','test','0/5 * * * * ?',NULL,1,1,'2019-11-08 16:21:10'),
(844,'测试1','testTask','run1','test','0/5 * * * * ?',NULL,1,NULL,'2019-11-08 16:21:15'),
(845,'测试1','testTask','run1','test','0/5 * * * * ?',NULL,1,NULL,'2019-11-08 16:21:20'),
(846,'测试1','testTask','run1','test','0/5 * * * * ?',NULL,1,NULL,'2019-11-08 16:21:25'),
(847,'测试1','testTask','run1','test','0/5 * * * * ?',NULL,1,NULL,'2019-11-08 16:21:30'),
(848,'测试1','testTask','run1','test','0/5 * * * * ?',NULL,1,1,'2019-11-08 16:21:35'),
(849,'测试1','testTask','run1','test','0/5 * * * * ?',NULL,1,NULL,'2019-11-08 16:21:40'),
(850,'测试1','testTask','run1','test','0/5 * * * * ?',NULL,1,NULL,'2019-11-08 16:21:45'),
(851,'测试1','testTask','run1','test','0/5 * * * * ?',NULL,1,NULL,'2019-11-08 16:21:50'),
(852,'测试1','testTask','run1','test','0/5 * * * * ?',NULL,1,NULL,'2019-11-08 16:21:55'),
(853,'测试1','testTask','run1','test','0/5 * * * * ?',NULL,1,NULL,'2019-11-08 16:22:00'),
(854,'测试1','testTask','run1','test','0/5 * * * * ?',NULL,1,1,'2019-11-08 16:22:05'),
(855,'测试1','testTask','run1','test','0/5 * * * * ?',NULL,1,1,'2019-11-08 16:22:10'),
(856,'测试1','testTask','run1','test','0/5 * * * * ?',NULL,1,6,'2019-11-08 16:22:15'),
(857,'测试1','testTask','run1','test','0/5 * * * * ?',NULL,1,NULL,'2019-11-08 16:22:20'),
(858,'测试1','testTask','run1','test','0/5 * * * * ?',NULL,1,1,'2019-11-08 16:22:25'),
(859,'测试1','testTask','run1','test','0/5 * * * * ?',NULL,1,NULL,'2019-11-08 16:22:30'),
(860,'测试1','testTask','run1','test','0/5 * * * * ?',NULL,1,NULL,'2019-11-08 16:22:35'),
(861,'测试1','testTask','run1','test','0/5 * * * * ?',NULL,1,1,'2019-11-08 16:22:40'),
(862,'测试1','testTask','run1','test','0/5 * * * * ?',NULL,1,NULL,'2019-11-08 16:22:45'),
(863,'测试1','testTask','run1','test','0/5 * * * * ?',NULL,1,NULL,'2019-11-08 16:22:50'),
(864,'测试1','testTask','run1','test','0/5 * * * * ?',NULL,1,NULL,'2019-11-08 16:22:55'),
(865,'测试1','testTask','run1','test','0/5 * * * * ?',NULL,1,NULL,'2019-11-08 16:23:00'),
(866,'测试1','testTask','run1','test','0/5 * * * * ?',NULL,1,NULL,'2019-11-08 16:23:05'),
(867,'测试1','testTask','run1','test','0/5 * * * * ?',NULL,1,NULL,'2019-11-08 16:23:10'),
(868,'测试1','testTask','run1','test','0/5 * * * * ?',NULL,1,NULL,'2019-11-08 16:23:15'),
(869,'测试1','testTask','run1','test','0/5 * * * * ?',NULL,1,NULL,'2019-11-08 16:23:20'),
(870,'测试1','testTask','run1','test','0/5 * * * * ?',NULL,1,NULL,'2019-11-08 16:23:25'),
(871,'测试1','testTask','run1','test','0/5 * * * * ?',NULL,1,1,'2019-11-08 16:23:30'),
(872,'测试1','testTask','run1','test','0/5 * * * * ?',NULL,1,NULL,'2019-11-08 16:23:35'),
(873,'测试1','testTask','run1','test','0/5 * * * * ?',NULL,1,NULL,'2019-11-08 16:23:40'),
(874,'测试1','testTask','run1','test','0/5 * * * * ?',NULL,1,NULL,'2019-11-08 16:23:45'),
(875,'测试1','testTask','run1','test','0/5 * * * * ?',NULL,1,1,'2019-11-08 16:23:50'),
(876,'测试1','testTask','run1','test','0/5 * * * * ?',NULL,1,1,'2019-11-08 16:23:55'),
(877,'测试1','testTask','run1','test','0/5 * * * * ?',NULL,1,1,'2019-11-08 16:24:00'),
(878,'测试1','testTask','run1','test','0/5 * * * * ?',NULL,1,NULL,'2019-11-08 16:24:05'),
(879,'测试1','testTask','run1','test','0/5 * * * * ?',NULL,1,1,'2019-11-08 16:24:10'),
(880,'测试1','testTask','run1','test','0/5 * * * * ?',NULL,1,NULL,'2019-11-08 16:24:15'),
(881,'测试1','testTask','run1','test','0/5 * * * * ?',NULL,1,NULL,'2019-11-08 16:24:20'),
(882,'测试1','testTask','run1','test','0/5 * * * * ?',NULL,1,NULL,'2019-11-08 16:24:25'),
(883,'测试1','testTask','run1','test','0/5 * * * * ?',NULL,1,NULL,'2019-11-08 16:24:30'),
(884,'测试1','testTask','run1','test','0/5 * * * * ?',NULL,1,NULL,'2019-11-08 16:24:35'),
(885,'测试1','testTask','run1','test','0/5 * * * * ?',NULL,1,NULL,'2019-11-08 16:24:40'),
(886,'测试1','testTask','run1','test','0/5 * * * * ?',NULL,1,1,'2019-11-08 16:24:45'),
(887,'测试1','testTask','run1','test','0/5 * * * * ?',NULL,1,NULL,'2019-11-08 16:24:50'),
(888,'测试1','testTask','run1','test','0/5 * * * * ?',NULL,1,NULL,'2019-11-08 16:24:55'),
(889,'测试1','testTask','run1','test','0/5 * * * * ?',NULL,1,2,'2019-11-08 16:25:15'),
(890,'测试1','testTask','run1','test','0/5 * * * * ?',NULL,1,1,'2019-11-08 16:25:20'),
(891,'测试1','testTask','run1','test','0/5 * * * * ?',NULL,1,1,'2019-11-08 16:25:25'),
(892,'测试1','testTask','run1','test','0/5 * * * * ?',NULL,1,2,'2019-11-08 16:25:30'),
(893,'测试1','testTask','run1','test','0/5 * * * * ?',NULL,1,1,'2019-11-08 16:25:35'),
(894,'测试1','testTask','run1','test','0/5 * * * * ?',NULL,1,NULL,'2019-11-08 16:25:40'),
(895,'测试1','testTask','run1','test','0/5 * * * * ?',NULL,1,7,'2019-11-08 16:25:45'),
(896,'测试1','testTask','run1','test','0/5 * * * * ?',NULL,1,1,'2019-11-08 16:25:50'),
(897,'测试1','testTask','run1','test','0/5 * * * * ?',NULL,1,1,'2019-11-08 16:25:55'),
(898,'测试1','testTask','run1','test','0/5 * * * * ?',NULL,1,1,'2019-11-08 16:26:00'),
(899,'测试1','testTask','run1','test','0/5 * * * * ?',NULL,1,1,'2019-11-08 16:26:05'),
(900,'测试1','testTask','run1','test','0/5 * * * * ?',NULL,1,1,'2019-11-08 16:26:10'),
(901,'测试1','testTask','run1','test','0/5 * * * * ?',NULL,1,1,'2019-11-08 16:26:15'),
(902,'测试1','testTask','run1','test','0/5 * * * * ?',NULL,1,2,'2019-11-08 16:26:20'),
(903,'测试1','testTask','run1','test','0/5 * * * * ?',NULL,1,2,'2019-11-08 16:26:25'),
(904,'测试1','testTask','run1','test','0/5 * * * * ?',NULL,1,2,'2019-11-08 16:26:30'),
(905,'测试1','testTask','run1','test','0/5 * * * * ?',NULL,1,1,'2019-11-08 16:26:35'),
(906,'测试1','testTask','run1','test','0/5 * * * * ?',NULL,1,1,'2019-11-08 16:26:40'),
(907,'测试1','testTask','run1','test','0/5 * * * * ?',NULL,1,1,'2019-11-08 16:26:45'),
(908,'测试1','testTask','run1','test','0/5 * * * * ?',NULL,1,1,'2019-11-08 16:26:50'),
(909,'测试1','testTask','run1','test','0/5 * * * * ?',NULL,1,2,'2019-11-08 16:26:55'),
(910,'测试1','testTask','run1','test','0/5 * * * * ?',NULL,1,14,'2019-11-08 16:27:00'),
(911,'测试1','testTask','run1','test','0/5 * * * * ?',NULL,1,1,'2019-11-08 16:27:05'),
(912,'测试1','testTask','run1','test','0/5 * * * * ?',NULL,1,10,'2019-11-08 16:27:10'),
(913,'测试1','testTask','run1','test','0/5 * * * * ?',NULL,1,1,'2019-11-08 16:27:15'),
(914,'测试1','testTask','run1','test','0/5 * * * * ?',NULL,1,3,'2019-11-08 16:27:20'),
(915,'测试1','testTask','run1','test','0/5 * * * * ?',NULL,1,1,'2019-11-08 16:27:25'),
(916,'测试1','testTask','run1','test','0/5 * * * * ?',NULL,1,2,'2019-11-08 16:27:30'),
(917,'测试1','testTask','run1','test','0/5 * * * * ?',NULL,1,1,'2019-11-08 16:27:35'),
(918,'测试1','testTask','run1','test','0/5 * * * * ?',NULL,1,2,'2019-11-08 16:27:40'),
(919,'测试1','testTask','run1','test','0/5 * * * * ?',NULL,1,1,'2019-11-08 16:27:45'),
(920,'测试1','testTask','run1','test','0/5 * * * * ?',NULL,1,1,'2019-11-08 16:27:50'),
(921,'测试1','testTask','run1','test','0/5 * * * * ?',NULL,1,2,'2019-11-08 16:27:55'),
(922,'测试1','testTask','run1','test','0/5 * * * * ?',NULL,1,6,'2019-11-08 16:28:00'),
(923,'测试1','testTask','run1','test','0/5 * * * * ?',NULL,1,1,'2019-11-08 16:28:05'),
(924,'测试1','testTask','run1','test','0/5 * * * * ?',NULL,1,1,'2019-11-08 16:28:10'),
(925,'测试1','testTask','run1','test','0/5 * * * * ?',NULL,1,1,'2019-11-08 16:28:15'),
(926,'测试1','testTask','run1','test','0/5 * * * * ?',NULL,1,NULL,'2019-11-08 16:28:20'),
(927,'测试1','testTask','run1','test','0/5 * * * * ?',NULL,1,1,'2019-11-08 16:28:25'),
(928,'测试1','testTask','run1','test','0/5 * * * * ?',NULL,1,1,'2019-11-08 16:28:30'),
(929,'测试1','testTask','run1','test','0/5 * * * * ?',NULL,1,1,'2019-11-08 16:28:35'),
(930,'测试1','testTask','run1','test','0/5 * * * * ?',NULL,1,1,'2019-11-08 16:28:40'),
(931,'测试1','testTask','run1','test','0/5 * * * * ?',NULL,1,1,'2019-11-08 16:28:45'),
(932,'测试1','testTask','run1','test','0/5 * * * * ?',NULL,1,1,'2019-11-08 16:28:50'),
(933,'测试1','testTask','run1','test','0/5 * * * * ?',NULL,1,30,'2019-11-08 16:31:15'),
(934,'测试1','testTask','run1','test','0/5 * * * * ?',NULL,1,1,'2019-11-08 16:31:20'),
(935,'测试1','testTask','run1','test','0/5 * * * * ?',NULL,1,3,'2019-11-08 16:31:25'),
(936,'测试1','testTask','run1','test','0/5 * * * * ?',NULL,1,1,'2019-11-08 16:31:30'),
(937,'测试1','testTask','run1','test','0/5 * * * * ?',NULL,1,15,'2019-11-08 16:31:35'),
(938,'测试1','testTask','run1','test','0/5 * * * * ?',NULL,1,16,'2019-11-08 16:31:40'),
(939,'测试1','testTask','run1','test','0/5 * * * * ?',NULL,1,1,'2019-11-08 16:31:45'),
(940,'测试1','testTask','run1','test','0/5 * * * * ?',NULL,1,6,'2019-11-08 16:31:50'),
(941,'测试1','testTask','run1','test','0/5 * * * * ?',NULL,1,91,'2019-11-08 16:31:55'),
(942,'测试1','testTask','run1','test','0/5 * * * * ?',NULL,1,58,'2019-11-08 16:32:00'),
(943,'测试1','testTask','run1','test','0/5 * * * * ?',NULL,1,35,'2019-11-08 16:32:05'),
(944,'测试1','testTask','run1','test','0/5 * * * * ?',NULL,1,52,'2019-11-08 16:32:10'),
(945,'测试1','testTask','run1','test','0/5 * * * * ?',NULL,1,4,'2019-11-08 16:32:15'),
(946,'测试1','testTask','run1','test','0/5 * * * * ?',NULL,1,5,'2019-11-08 16:32:20'),
(947,'测试1','testTask','run1','test','0/5 * * * * ?',NULL,1,4,'2019-11-08 16:32:25'),
(948,'测试1','testTask','run1','test','0/5 * * * * ?',NULL,1,1,'2019-11-08 16:32:30'),
(949,'测试1','testTask','run1','test','0/5 * * * * ?',NULL,1,2,'2019-11-08 16:32:35'),
(950,'测试1','testTask','run1','test','0/5 * * * * ?',NULL,1,23,'2019-11-08 16:32:40'),
(951,'测试1','testTask','run1','test','0/5 * * * * ?',NULL,1,2,'2019-11-08 16:32:45'),
(952,'测试1','testTask','run1','test','0/5 * * * * ?',NULL,1,18,'2019-11-08 16:32:50'),
(953,'测试1','testTask','run1','test','0/5 * * * * ?',NULL,1,25,'2019-11-08 16:32:55'),
(954,'测试1','testTask','run1','test','0/5 * * * * ?',NULL,1,5,'2019-11-08 16:33:00'),
(955,'测试1','testTask','run1','test','0/5 * * * * ?',NULL,1,44,'2019-11-08 16:33:05'),
(956,'测试1','testTask','run1','test','0/5 * * * * ?',NULL,1,10,'2019-11-08 16:33:10'),
(957,'测试1','testTask','run1','test','0/5 * * * * ?',NULL,1,1,'2019-11-08 16:33:15'),
(958,'测试1','testTask','run1','test','0/5 * * * * ?',NULL,1,NULL,'2019-11-08 16:33:20'),
(959,'测试1','testTask','run1','test','0/5 * * * * ?',NULL,1,11,'2019-11-08 16:33:25'),
(960,'测试1','testTask','run1','test','0/5 * * * * ?',NULL,1,1,'2019-11-08 16:33:30'),
(961,'测试1','testTask','run1','test','0/5 * * * * ?',NULL,1,11,'2019-11-08 16:33:35'),
(962,'测试1','testTask','run1','test','0/5 * * * * ?',NULL,1,3,'2019-11-08 16:33:40'),
(963,'测试1','testTask','run1','test','0/5 * * * * ?',NULL,1,6,'2019-11-08 16:33:45'),
(964,'测试1','testTask','run1','test','0/5 * * * * ?',NULL,1,2,'2019-11-08 16:33:50'),
(965,'测试1','testTask','run1','test','0/5 * * * * ?',NULL,1,1,'2019-11-08 16:33:55'),
(966,'测试1','testTask','run1','test','0/5 * * * * ?',NULL,1,4,'2019-11-08 16:34:00'),
(967,'测试1','testTask','run1','test','0/5 * * * * ?',NULL,1,3,'2019-11-08 16:34:05'),
(968,'测试1','testTask','run1','test','0/5 * * * * ?',NULL,1,1,'2019-11-08 16:34:10'),
(969,'测试1','testTask','run1','test','0/5 * * * * ?',NULL,1,57,'2019-11-08 16:34:15'),
(970,'测试1','testTask','run1','test','0/5 * * * * ?',NULL,1,1,'2019-11-08 16:34:20'),
(971,'测试1','testTask','run1','test','0/5 * * * * ?',NULL,1,18,'2019-11-08 16:34:25'),
(972,'测试1','testTask','run1','test','0/5 * * * * ?',NULL,1,3,'2019-11-08 16:34:30'),
(973,'测试1','testTask','run1','test','0/5 * * * * ?',NULL,1,302,'2019-11-08 16:34:35'),
(974,'测试1','testTask','run1','test','0/5 * * * * ?',NULL,1,3,'2019-11-08 16:34:40'),
(975,'测试1','testTask','run1','test','0/5 * * * * ?',NULL,1,23,'2019-11-08 16:34:45'),
(976,'测试1','testTask','run1','test','0/5 * * * * ?',NULL,1,688,'2019-11-08 16:34:51'),
(977,'测试1','testTask','run1','test','0/5 * * * * ?',NULL,1,1,'2019-11-08 16:34:55'),
(978,'测试1','testTask','run1','test','0/5 * * * * ?',NULL,1,6,'2019-11-08 16:35:00'),
(979,'测试1','testTask','run1','test','0/5 * * * * ?',NULL,1,1,'2019-11-08 16:35:05'),
(980,'测试1','testTask','run1','test','0/5 * * * * ?',NULL,1,1,'2019-11-08 16:35:10'),
(981,'测试1','testTask','run1','test','0/5 * * * * ?',NULL,1,1,'2019-11-08 16:35:15'),
(982,'测试1','testTask','run1','test','0/5 * * * * ?',NULL,1,1,'2019-11-08 16:35:20'),
(983,'测试1','testTask','run1','test','0/5 * * * * ?',NULL,1,NULL,'2019-11-08 16:35:25'),
(984,'测试1','testTask','run1','test','0/5 * * * * ?',NULL,1,NULL,'2019-11-08 16:35:30'),
(985,'测试1','testTask','run1','test','0/5 * * * * ?',NULL,1,1,'2019-11-08 16:35:35'),
(986,'测试1','testTask','run1','test','0/5 * * * * ?',NULL,1,1,'2019-11-08 16:35:40'),
(987,'测试1','testTask','run1','test','0/5 * * * * ?',NULL,1,NULL,'2019-11-08 16:35:45'),
(988,'测试1','testTask','run1','test','0/5 * * * * ?',NULL,1,1,'2019-11-08 16:35:50'),
(989,'测试1','testTask','run1','test','0/5 * * * * ?',NULL,1,NULL,'2019-11-08 16:35:55'),
(990,'测试1','testTask','run1','test','0/5 * * * * ?',NULL,1,1,'2019-11-08 16:36:00'),
(991,'测试1','testTask','run1','test','0/5 * * * * ?',NULL,1,1,'2019-11-08 16:36:05'),
(992,'测试1','testTask','run1','test','0/5 * * * * ?',NULL,1,NULL,'2019-11-08 16:36:10'),
(993,'测试1','testTask','run1','test','0/5 * * * * ?',NULL,1,NULL,'2019-11-08 16:36:15'),
(994,'测试1','testTask','run1','test','0/5 * * * * ?',NULL,1,1,'2019-11-08 16:36:20'),
(995,'测试1','testTask','run1','test','0/5 * * * * ?',NULL,1,NULL,'2019-11-08 16:36:25'),
(996,'测试1','testTask','run1','test','0/5 * * * * ?',NULL,1,2,'2019-11-08 16:36:40'),
(997,'测试1','testTask','run1','test','0/5 * * * * ?',NULL,1,1,'2019-11-08 16:36:45'),
(998,'测试1','testTask','run1','test','0/5 * * * * ?',NULL,1,1,'2019-11-08 16:36:50'),
(999,'测试1','testTask','run1','test','0/5 * * * * ?',NULL,1,1,'2019-11-08 16:36:55'),
(1000,'测试1','testTask','run1','test','0/5 * * * * ?',NULL,1,2,'2019-11-08 16:37:00'),
(1001,'测试1','testTask','run1','test','0/5 * * * * ?',NULL,1,20,'2019-11-08 16:37:05'),
(1002,'测试1','testTask','run1','test','0/5 * * * * ?',NULL,1,2,'2019-11-08 16:37:10'),
(1003,'测试1','testTask','run1','test','0/5 * * * * ?',NULL,1,1,'2019-11-08 16:37:15'),
(1004,'测试1','testTask','run1','test','0/5 * * * * ?',NULL,1,2,'2019-11-08 16:37:20'),
(1005,'测试1','testTask','run1','test','0/5 * * * * ?',NULL,1,1,'2019-11-08 16:37:25'),
(1006,'测试1','testTask','run1','test','0/5 * * * * ?',NULL,1,3,'2019-11-08 16:37:30'),
(1007,'测试1','testTask','run1','test','0/5 * * * * ?',NULL,1,1,'2019-11-08 16:37:35'),
(1008,'测试1','testTask','run1','test','0/5 * * * * ?',NULL,1,1,'2019-11-08 16:37:40'),
(1009,'测试1','testTask','run1','test','0/5 * * * * ?',NULL,1,2,'2019-11-08 16:37:45'),
(1010,'测试1','testTask','run1','test','0/5 * * * * ?',NULL,1,1,'2019-11-08 16:37:50'),
(1011,'测试1','testTask','run1','test','0/5 * * * * ?',NULL,1,1,'2019-11-08 16:37:55'),
(1012,'测试1','testTask','run1','test','0/5 * * * * ?',NULL,1,3,'2019-11-08 16:38:00'),
(1013,'测试1','testTask','run1','test','0/5 * * * * ?',NULL,1,1,'2019-11-08 16:38:05'),
(1014,'测试1','testTask','run1','test','0/5 * * * * ?',NULL,1,1,'2019-11-08 16:38:10'),
(1015,'测试1','testTask','run1','test','0/5 * * * * ?',NULL,1,1,'2019-11-08 16:38:15'),
(1016,'测试1','testTask','run1','test','0/5 * * * * ?',NULL,1,3,'2019-11-08 16:38:20'),
(1017,'测试1','testTask','run1','test','0/5 * * * * ?',NULL,1,1,'2019-11-08 16:38:25'),
(1018,'测试1','testTask','run1','test','0/5 * * * * ?',NULL,1,1,'2019-11-08 16:38:30'),
(1019,'测试1','testTask','run1','test','0/5 * * * * ?',NULL,1,1,'2019-11-08 16:38:35'),
(1020,'测试1','testTask','run1','test','0/5 * * * * ?',NULL,1,1,'2019-11-08 16:38:40'),
(1021,'测试1','testTask','run1','test','0/5 * * * * ?',NULL,1,1,'2019-11-08 16:38:45'),
(1022,'测试1','testTask','run1','test','0/5 * * * * ?',NULL,1,1,'2019-11-08 16:38:50'),
(1023,'测试1','testTask','run1','test','0/5 * * * * ?',NULL,1,1,'2019-11-08 16:38:55'),
(1024,'测试1','testTask','run1','test','0/5 * * * * ?',NULL,1,3,'2019-11-08 16:39:00'),
(1025,'测试1','testTask','run1','test','0/5 * * * * ?',NULL,1,1,'2019-11-08 16:39:05'),
(1026,'测试1','testTask','run1','test','0/5 * * * * ?',NULL,1,1,'2019-11-08 16:39:10'),
(1027,'测试1','testTask','run1','test','0/5 * * * * ?',NULL,1,10,'2019-11-08 16:39:15'),
(1028,'测试1','testTask','run1','test','0/5 * * * * ?',NULL,1,6,'2019-11-08 16:39:20'),
(1029,'测试1','testTask','run1','test','0/5 * * * * ?',NULL,1,449,'2019-11-08 16:39:25'),
(1030,'测试1','testTask','run1','test','0/5 * * * * ?',NULL,1,24,'2019-11-08 16:39:30'),
(1031,'测试1','testTask','run1','test','0/5 * * * * ?',NULL,1,2,'2019-11-08 16:39:35'),
(1032,'测试1','testTask','run1','test','0/5 * * * * ?',NULL,1,17,'2019-11-08 16:39:40'),
(1033,'测试1','testTask','run1','test','0/5 * * * * ?',NULL,1,1,'2019-11-08 16:39:45'),
(1034,'测试1','testTask','run1','test','0/5 * * * * ?',NULL,1,1,'2019-11-08 16:39:50'),
(1035,'测试1','testTask','run1','test','0/5 * * * * ?',NULL,1,17,'2019-11-08 16:39:55'),
(1036,'测试1','testTask','run1','test','0/5 * * * * ?',NULL,1,14,'2019-11-08 16:40:00'),
(1037,'测试1','testTask','run1','test','0/5 * * * * ?',NULL,1,15,'2019-11-08 16:40:05'),
(1038,'测试1','testTask','run1','test','0/5 * * * * ?',NULL,1,16,'2019-11-08 16:40:10'),
(1039,'测试1','testTask','run1','test','0/5 * * * * ?',NULL,1,124,'2019-11-08 16:40:16'),
(1040,'测试1','testTask','run1','test','0/5 * * * * ?',NULL,1,86,'2019-11-08 16:40:20'),
(1041,'测试1','testTask','run1','test','0/5 * * * * ?',NULL,1,6,'2019-11-08 16:40:25'),
(1042,'测试1','testTask','run1','test','0/5 * * * * ?',NULL,1,1,'2019-11-08 16:40:30'),
(1043,'测试1','testTask','run1','test','0/5 * * * * ?',NULL,1,2,'2019-11-08 16:40:35'),
(1044,'测试1','testTask','run1','test','0/5 * * * * ?',NULL,1,3,'2019-11-08 16:40:40'),
(1045,'测试1','testTask','run1','test','0/5 * * * * ?',NULL,1,10,'2019-11-08 16:40:45'),
(1046,'测试1','testTask','run1','test','0/5 * * * * ?',NULL,1,NULL,'2019-11-08 16:40:50'),
(1047,'测试1','testTask','run1','test','0/5 * * * * ?',NULL,1,NULL,'2019-11-08 16:40:55'),
(1048,'测试1','testTask','run1','test','0/5 * * * * ?',NULL,1,1,'2019-11-08 16:41:00'),
(1049,'测试1','testTask','run1','test','0/5 * * * * ?',NULL,1,NULL,'2019-11-08 16:41:05'),
(1050,'测试1','testTask','run1','test','0/5 * * * * ?',NULL,1,NULL,'2019-11-08 16:41:10'),
(1051,'测试1','testTask','run1','test','0/5 * * * * ?',NULL,1,NULL,'2019-11-08 16:41:15'),
(1052,'测试1','testTask','run1','test','0/5 * * * * ?',NULL,1,NULL,'2019-11-08 16:41:20');

/*!40101 SET SQL_MODE=@OLD_SQL_MODE */;
/*!40014 SET FOREIGN_KEY_CHECKS=@OLD_FOREIGN_KEY_CHECKS */;
/*!40014 SET UNIQUE_CHECKS=@OLD_UNIQUE_CHECKS */;
/*!40111 SET SQL_NOTES=@OLD_SQL_NOTES */;
